"Theme 2 - 1 : Persons usually resident and present in the State on Census Night, classified by place of birth, 2006";;;;;;;
"Geographic Area";"Ireland";"UK";"Poland";"Lithuania";"Other EU25";"Rest of World";"Total"
"Dublin City and Suburbs  ";830462;47328;17524;6345;28240;73365;1003264
"Dublin City 02  ";401122;22231;10580;2600;17526;37496;491555
"Dublin City 02/001";1347;63;7;2;1;19;1439
"Dublin City 02/002";988;33;0;0;4;6;1031
"Dublin City 02/003";966;21;2;0;4;1;994
"Dublin City 02/004";763;18;6;5;6;17;815
"Dublin City 02/005";749;21;4;2;14;13;803
"Dublin City 02/006";946;25;8;0;3;25;1007
"Dublin City 02/007";934;28;14;5;13;15;1009
"Dublin City 02/008";1004;35;11;0;10;7;1067
"Dublin City 02/009";1053;34;4;1;10;11;1113
"Dublin City 02/010";875;42;10;0;11;17;955
"Dublin City 02/011";823;28;11;5;9;7;883
"Dublin City 02/012";856;41;22;0;15;7;941
"Dublin City 02/013";860;27;11;4;19;8;929
"Dublin City 02/014";924;39;19;1;7;22;1012
"Dublin City 02/015";1068;26;2;3;12;20;1131
"Dublin City 02/016";844;32;12;0;18;23;929
"Dublin City 02/017";1226;59;0;0;1;0;1286
"Dublin City 02/018";955;39;2;0;1;2;999
"Dublin City 02/019";959;37;0;0;3;14;1013
"Dublin City 02/020";500;38;72;17;50;43;720
"Dublin City 02/021";1022;55;63;15;23;32;1210
"Dublin City 02/022";1182;62;0;0;9;14;1267
"Dublin City 02/023";1103;43;0;0;2;13;1161
"Dublin City 02/024";847;82;121;26;45;71;1192
"Dublin City 02/025";281;17;0;0;0;3;301
"Dublin City 02/026";783;38;11;0;13;28;873
"Dublin City 02/027";795;18;0;0;9;24;846
"Dublin City 02/028";815;23;18;2;18;35;911
"Dublin City 02/029";847;26;9;2;10;14;908
"Dublin City 02/030";873;43;14;4;22;26;982
"Dublin City 02/031";747;18;6;4;16;15;806
"Dublin City 02/032";897;26;19;7;18;9;976
"Dublin City 02/033";981;25;8;0;14;14;1042
"Dublin City 02/034";1006;30;18;6;28;25;1113
"Dublin City 02/035";798;27;28;0;9;24;886
"Dublin City 02/036";863;29;8;3;23;13;939
"Dublin City 02/037";1130;42;7;6;15;30;1230
"Dublin City 02/038";868;21;0;4;3;6;902
"Dublin City 02/039";1057;36;0;0;4;13;1110
"Dublin City 02/040";947;24;0;6;3;4;984
"Dublin City 02/041";896;14;4;0;5;0;919
"Dublin City 02/042";1099;34;5;0;6;18;1162
"Dublin City 02/043";960;26;5;8;8;11;1018
"Dublin City 02/044";860;27;8;3;3;17;918
"Dublin City 02/045";742;22;4;4;4;7;783
"Dublin City 02/046";897;21;0;2;1;19;940
"Dublin City 02/047";843;13;3;0;2;20;881
"Dublin City 02/048";906;27;0;1;1;6;941
"Dublin City 02/049";922;23;0;0;3;8;956
"Dublin City 02/050";1202;27;3;0;3;24;1259
"Dublin City 02/051";1230;32;0;0;4;15;1281
"Dublin City 02/052";1557;54;45;23;15;61;1755
"Dublin City 02/053";1505;60;0;0;6;31;1602
"Dublin City 02/054";883;52;0;0;2;8;945
"Dublin City 02/055";800;15;0;0;5;13;833
"Dublin City 02/056";876;17;6;0;5;4;908
"Dublin City 02/057";789;45;29;4;15;76;958
"Dublin City 02/058";784;33;11;0;8;2;838
"Dublin City 02/059";895;25;7;9;6;23;965
"Dublin City 02/060";897;33;21;1;5;41;998
"Dublin City 02/061";767;29;7;0;4;38;845
"Dublin City 02/062";784;31;6;7;8;24;860
"Dublin City 02/063";952;38;34;10;13;186;1233
"Dublin City 02/064";802;22;6;8;15;69;922
"Dublin City 02/065";797;22;30;0;12;53;914
"Dublin City 02/066";487;21;36;5;10;35;594
"Dublin City 02/067";719;28;20;1;9;23;800
"Dublin City 02/068";462;37;93;0;25;41;658
"Dublin City 02/069";313;20;19;7;9;12;380
"Dublin City 02/070";785;23;0;0;0;6;814
"Dublin City 02/071";433;27;5;4;4;26;499
"Dublin City 02/072";861;10;0;0;5;17;893
"Dublin City 02/073";936;17;5;0;3;9;970
"Dublin City 02/074";929;22;7;0;0;15;973
"Dublin City 02/075";487;68;29;8;34;84;710
"Dublin City 02/076";481;49;25;9;37;50;651
"Dublin City 02/077";639;39;47;7;48;68;848
"Dublin City 02/078";635;19;6;1;14;31;706
"Dublin City 02/079";785;37;36;17;11;24;910
"Dublin City 02/080";484;32;21;6;28;47;618
"Dublin City 02/081";912;31;10;3;13;38;1007
"Dublin City 02/082";819;18;23;0;18;35;913
"Dublin City 02/083";819;22;7;0;5;34;887
"Dublin City 02/084";895;27;1;6;7;26;962
"Dublin City 02/085";887;20;3;0;10;19;939
"Dublin City 02/086";722;21;7;0;11;42;803
"Dublin City 02/087";945;30;21;2;7;39;1044
"Dublin City 02/088";651;21;19;2;7;27;727
"Dublin City 02/089";656;30;10;5;4;20;725
"Dublin City 02/090";701;18;5;6;5;38;773
"Dublin City 02/091";818;32;0;2;10;27;889
"Dublin City 02/092";810;33;10;1;9;23;886
"Dublin City 02/093";908;34;32;0;32;93;1099
"Dublin City 02/094";818;30;16;8;18;27;917
"Dublin City 02/095";966;44;6;6;11;46;1079
"Dublin City 02/096";788;23;18;3;8;9;849
"Dublin City 02/097";613;30;4;0;15;23;685
"Dublin City 02/098";615;20;15;9;8;12;679
"Dublin City 02/099";964;30;9;1;15;19;1038
"Dublin City 02/100";899;24;15;0;13;20;971
"Dublin City 02/101";876;13;9;0;10;27;935
"Dublin City 02/102";860;33;0;0;4;17;914
"Dublin City 02/103";786;27;16;2;4;13;848
"Dublin City 02/104";895;31;18;6;9;18;977
"Dublin City 02/105";849;27;7;0;8;33;924
"Dublin City 02/106";837;29;18;0;6;9;899
"Dublin City 02/107";706;42;14;0;21;26;809
"Dublin City 02/108, 02/560";1585;75;6;3;29;51;1749
"Dublin City 02/109";700;36;2;1;14;25;778
"Dublin City 02/110";732;27;6;0;15;31;811
"Dublin City 02/111";542;27;13;1;26;34;643
"Dublin City 02/112";663;39;15;2;25;46;790
"Dublin City 02/113";428;25;7;5;26;64;555
"Dublin City 02/114";383;30;8;0;20;30;471
"Dublin City 02/115";454;33;12;0;21;55;575
"Dublin City 02/116";550;32;3;0;11;28;624
"Dublin City 02/117";416;31;4;6;26;42;525
"Dublin City 02/118";532;29;1;1;11;37;611
"Dublin City 02/119";612;30;1;2;8;27;680
"Dublin City 02/120";683;20;9;2;15;31;760
"Dublin City 02/121";597;43;7;0;13;35;695
"Dublin City 02/122";807;42;2;0;7;22;880
"Dublin City 02/123";764;56;13;1;13;37;884
"Dublin City 02/124";725;52;1;0;6;16;800
"Dublin City 02/125";631;60;6;1;13;48;759
"Dublin City 02/126";1109;181;15;1;67;179;1552
"Dublin City 02/127";832;55;6;0;10;59;962
"Dublin City 02/128";420;39;6;1;25;39;530
"Dublin City 02/129";581;47;11;11;39;73;762
"Dublin City 02/130";455;32;7;0;20;44;558
"Dublin City 02/131";359;50;12;1;39;52;513
"Dublin City 02/132";363;38;7;0;22;55;485
"Dublin City 02/133";488;33;12;1;21;72;627
"Dublin City 02/134";436;36;8;1;27;46;554
"Dublin City 02/135";322;31;19;8;27;60;467
"Dublin City 02/136";269;37;15;5;14;61;401
"Dublin City 02/137";323;34;9;1;28;52;447
"Dublin City 02/138";305;33;13;4;24;52;431
"Dublin City 02/139";398;52;23;4;30;73;580
"Dublin City 02/140";244;32;12;0;25;88;401
"Dublin City 02/141";411;38;8;0;20;64;541
"Dublin City 02/142";705;24;7;3;17;33;789
"Dublin City 02/143";623;68;7;4;42;146;890
"Dublin City 02/144";390;59;8;0;41;158;656
"Dublin City 02/145";1015;67;1;0;28;130;1241
"Dublin City 02/146";525;61;1;7;30;97;721
"Dublin City 02/147";536;61;7;10;31;76;721
"Dublin City 02/148";397;38;5;6;29;50;525
"Dublin City 02/149";422;55;6;1;45;90;619
"Dublin City 02/150";702;77;7;0;61;94;941
"Dublin City 02/151";430;35;3;11;56;84;619
"Dublin City 02/152";261;44;6;0;27;81;419
"Dublin City 02/153";180;24;6;5;24;58;297
"Dublin City 02/154";437;36;1;1;12;42;529
"Dublin City 02/155";615;59;1;1;19;84;779
"Dublin City 02/156";446;50;3;4;15;70;588
"Dublin City 02/157";527;33;10;1;21;50;642
"Dublin City 02/158";445;25;7;2;27;113;619
"Dublin City 02/159";620;48;14;7;25;60;774
"Dublin City 02/160";577;55;10;1;41;74;758
"Dublin City 02/161";419;43;13;4;28;61;568
"Dublin City 02/162";367;21;9;0;22;89;508
"Dublin City 02/163";499;43;12;0;19;61;634
"Dublin City 02/164";289;39;5;2;13;57;405
"Dublin City 02/165";248;28;15;4;23;86;404
"Dublin City 02/166";417;40;5;0;22;50;534
"Dublin City 02/167";387;39;17;1;36;69;549
"Dublin City 02/168";354;33;7;8;40;58;500
"Dublin City 02/169";379;36;19;3;38;131;606
"Dublin City 02/170";388;33;13;6;27;92;559
"Dublin City 02/171";395;47;8;0;27;94;571
"Dublin City 02/172";341;25;13;4;25;91;499
"Dublin City 02/173";366;39;1;0;21;47;474
"Dublin City 02/174";492;41;3;0;18;36;590
"Dublin City 02/175";314;21;7;0;13;38;393
"Dublin City 02/176";317;27;4;5;19;40;412
"Dublin City 02/177";331;31;12;2;18;55;449
"Dublin City 02/178";468;52;5;0;28;54;607
"Dublin City 02/179";630;43;5;0;15;41;734
"Dublin City 02/180";599;59;4;0;26;57;745
"Dublin City 02/181";555;54;8;0;26;53;696
"Dublin City 02/182";483;46;19;1;28;43;620
"Dublin City 02/183";245;37;16;7;41;90;436
"Dublin City 02/184";201;19;3;0;20;64;307
"Dublin City 02/185";347;27;34;5;35;49;497
"Dublin City 02/186";400;40;15;0;23;68;546
"Dublin City 02/187";447;49;15;1;18;47;577
"Dublin City 02/188";264;19;10;1;24;45;363
"Dublin City 02/189";344;20;12;4;11;52;443
"Dublin City 02/190";469;48;21;1;39;110;688
"Dublin City 02/191";351;30;15;5;37;94;532
"Dublin City 02/192";395;36;12;3;39;64;549
"Dublin City 02/193";301;37;15;2;39;85;479
"Dublin City 02/194";399;45;13;2;49;64;572
"Dublin City 02/195";309;37;56;8;60;115;585
"Dublin City 02/196";245;22;28;5;28;93;421
"Dublin City 02/197";389;52;10;4;41;79;575
"Dublin City 02/198";597;44;5;0;31;58;735
"Dublin City 02/199";300;34;68;15;74;191;682
"Dublin City 02/200";374;34;22;3;52;128;613
"Dublin City 02/201";294;26;28;6;68;105;527
"Dublin City 02/202";377;48;11;10;20;56;522
"Dublin City 02/203";460;28;24;7;34;66;619
"Dublin City 02/204";432;47;18;3;12;49;561
"Dublin City 02/205";375;27;41;3;34;70;550
"Dublin City 02/206";456;35;32;3;33;108;667
"Dublin City 02/207";593;51;10;4;43;66;767
"Dublin City 02/208";780;42;9;1;15;27;874
"Dublin City 02/209";565;40;30;3;39;65;742
"Dublin City 02/210";745;35;30;1;26;84;921
"Dublin City 02/211";746;27;17;1;22;44;857
"Dublin City 02/212";817;27;7;3;14;16;884
"Dublin City 02/213";651;21;0;0;1;12;685
"Dublin City 02/214";337;27;4;4;26;79;477
"Dublin City 02/215";600;24;31;0;23;69;747
"Dublin City 02/216";367;51;4;6;30;152;610
"Dublin City 02/217";493;32;13;0;19;57;614
"Dublin City 02/218";1254;53;8;1;7;44;1367
"Dublin City 02/219";738;80;33;4;33;87;975
"Dublin City 02/220";526;38;66;8;62;169;869
"Dublin City 02/221";183;38;37;1;29;80;368
"Dublin City 02/222";621;41;9;3;13;46;733
"Dublin City 02/223";520;16;5;2;26;38;607
"Dublin City 02/224";346;21;52;1;35;97;552
"Dublin City 02/225";376;33;39;10;90;162;710
"Dublin City 02/226";771;21;5;6;1;16;820
"Dublin City 02/227";513;33;4;1;16;31;598
"Dublin City 02/228";635;28;0;0;0;12;675
"Dublin City 02/229";592;28;1;0;11;26;658
"Dublin City 02/231";428;41;18;3;23;84;597
"Dublin City 02/232";617;19;12;1;27;99;775
"Dublin City 02/233";460;24;1;0;26;26;537
"Dublin City 02/234";355;28;37;1;49;141;611
"Dublin City 02/235";327;37;25;5;40;110;544
"Dublin City 02/236";399;28;14;4;37;155;637
"Dublin City 02/237";282;36;29;3;36;129;515
"Dublin City 02/238";338;46;13;3;52;107;559
"Dublin City 02/239";592;47;13;3;52;153;860
"Dublin City 02/240";531;29;24;1;59;222;866
"Dublin City 02/241";598;32;27;4;30;54;745
"Dublin City 02/242";425;33;5;0;31;39;533
"Dublin City 02/243";485;25;8;3;26;34;581
"Dublin City 02/244";337;27;11;2;50;88;515
"Dublin City 02/245";564;40;27;4;61;113;809
"Dublin City 02/246";453;20;3;2;16;21;515
"Dublin City 02/247";278;23;8;0;41;50;400
"Dublin City 02/248";336;22;67;1;109;211;746
"Dublin City 02/249";211;27;39;1;84;147;509
"Dublin City 02/250";210;30;40;0;74;144;498
"Dublin City 02/251";327;25;34;2;40;88;516
"Dublin City 02/252";411;36;40;6;42;79;614
"Dublin City 02/253";482;27;19;0;32;15;575
"Dublin City 02/254";322;10;10;0;1;4;347
"Dublin City 02/255";602;52;60;5;34;91;844
"Dublin City 02/256";540;47;33;5;20;209;854
"Dublin City 02/257";810;26;1;0;0;1;838
"Dublin City 02/258";413;40;39;17;53;159;721
"Dublin City 02/259";384;24;2;0;5;21;436
"Dublin City 02/260";383;26;26;4;8;55;502
"Dublin City 02/261";413;29;51;0;23;180;696
"Dublin City 02/262";725;75;7;0;27;59;893
"Dublin City 02/263";642;55;14;3;29;46;789
"Dublin City 02/264";526;54;9;5;19;54;667
"Dublin City 02/265";539;43;7;4;20;51;664
"Dublin City 02/266";453;48;9;3;27;35;575
"Dublin City 02/267";571;47;4;2;27;23;674
"Dublin City 02/268";1076;28;0;0;11;24;1139
"Dublin City 02/269";748;34;0;0;12;15;809
"Dublin City 02/270";659;23;0;0;25;31;738
"Dublin City 02/271";622;67;2;6;29;94;820
"Dublin City 02/272";576;64;9;0;27;50;726
"Dublin City 02/273";692;31;6;0;24;22;775
"Dublin City 02/274";577;31;23;2;31;51;715
"Dublin City 02/275";468;39;17;0;52;105;681
"Dublin City 02/276";210;25;9;4;31;59;338
"Dublin City 02/277";191;24;4;1;39;80;339
"Dublin City 02/278";436;41;8;1;43;48;577
"Dublin City 02/279";390;54;2;0;28;56;530
"Dublin City 02/280";255;45;19;0;35;62;416
"Dublin City 02/281";615;52;7;0;19;69;762
"Dublin City 02/282";201;30;15;2;30;42;320
"Dublin City 02/283";200;50;15;1;44;108;418
"Dublin City 02/284";616;27;12;0;47;66;768
"Dublin City 02/285";324;37;12;0;48;72;493
"Dublin City 02/286, 02/611";1169;124;29;2;131;158;1613
"Dublin City 02/287";321;48;24;4;62;62;521
"Dublin City 02/288";400;21;31;5;41;44;542
"Dublin City 02/289";789;39;6;0;13;24;871
"Dublin City 02/290";531;41;8;7;58;89;734
"Dublin City 02/291";159;25;35;4;90;134;447
"Dublin City 02/292";574;14;3;1;12;17;621
"Dublin City 02/293";450;19;0;5;3;8;485
"Dublin City 02/294";525;78;5;1;43;82;734
"Dublin City 02/295";626;81;6;0;42;76;831
"Dublin City 02/296";124;20;13;0;46;62;265
"Dublin City 02/297";434;31;18;10;41;160;694
"Dublin City 02/298";579;35;14;0;31;61;720
"Dublin City 02/299";362;47;23;0;43;92;567
"Dublin City 02/300";173;27;30;2;42;225;499
"Dublin City 02/301";300;41;28;8;61;191;629
"Dublin City 02/302";480;22;2;0;11;14;529
"Dublin City 02/303";414;14;0;0;10;71;509
"Dublin City 02/304";740;53;28;15;33;78;947
"Dublin City 02/305";511;26;3;0;23;21;584
"Dublin City 02/306";708;26;5;0;12;13;764
"Dublin City 02/307";325;45;98;32;110;142;752
"Dublin City 02/308";641;42;39;5;33;34;794
"Dublin City 02/309";633;17;6;4;9;11;680
"Dublin City 02/310";302;25;21;11;56;80;495
"Dublin City 02/311";298;35;22;17;48;56;476
"Dublin City 02/312";380;17;21;10;34;102;564
"Dublin City 02/313";599;61;16;14;24;47;761
"Dublin City 02/314";952;26;0;0;1;10;989
"Dublin City 02/315";393;46;22;5;56;33;555
"Dublin City 02/316";552;19;25;4;18;37;655
"Dublin City 02/317";406;34;15;3;25;23;506
"Dublin City 02/318";428;31;32;3;27;54;575
"Dublin City 02/319";450;55;25;10;15;31;586
"Dublin City 02/320";405;32;26;2;23;44;532
"Dublin City 02/321";451;41;15;4;32;42;585
"Dublin City 02/322";422;36;16;1;22;45;542
"Dublin City 02/323";408;45;65;5;100;167;790
"Dublin City 02/324";289;23;47;2;66;131;558
"Dublin City 02/325";268;30;40;5;64;115;522
"Dublin City 02/326";563;12;3;0;9;25;612
"Dublin City 02/327";399;31;33;4;62;171;700
"Dublin City 02/328";362;20;47;5;75;186;695
"Dublin City 02/329";292;13;1;0;11;17;334
"Dublin City 02/330";498;44;34;17;115;119;827
"Dublin City 02/331";367;13;73;15;83;199;750
"Dublin City 02/332";305;27;29;12;44;96;513
"Dublin City 02/333";394;27;35;9;44;103;612
"Dublin City 02/334";524;32;34;9;38;111;748
"Dublin City 02/335";412;24;36;20;59;167;718
"Dublin City 02/336";398;31;39;9;56;98;631
"Dublin City 02/337";508;39;27;4;53;75;706
"Dublin City 02/338";370;27;31;10;46;98;582
"Dublin City 02/339";555;36;35;7;54;60;747
"Dublin City 02/340";860;42;24;6;27;54;1013
"Dublin City 02/341";790;57;18;12;24;33;934
"Dublin City 02/342";832;28;5;1;28;4;898
"Dublin City 02/343";743;19;13;0;17;12;804
"Dublin City 02/344";863;23;12;0;10;18;926
"Dublin City 02/345";860;32;12;3;6;34;947
"Dublin City 02/346";720;23;10;3;8;18;782
"Dublin City 02/347";687;35;49;7;33;74;885
"Dublin City 02/348";766;24;28;0;18;33;869
"Dublin City 02/349";749;26;16;12;19;15;837
"Dublin City 02/350";836;25;5;4;13;21;904
"Dublin City 02/351";658;24;14;10;12;23;741
"Dublin City 02/352";702;34;11;3;23;41;814
"Dublin City 02/353";680;18;5;2;8;19;732
"Dublin City 02/354";814;36;21;2;49;44;966
"Dublin City 02/355";1080;40;22;2;13;54;1211
"Dublin City 02/356";981;50;11;2;20;67;1131
"Dublin City 02/357";1137;57;3;2;17;50;1266
"Dublin City 02/358";761;22;9;7;9;24;832
"Dublin City 02/359";926;19;15;4;21;35;1020
"Dublin City 02/360";841;21;5;1;13;45;926
"Dublin City 02/361";602;61;21;5;27;50;766
"Dublin City 02/362";518;40;0;1;15;39;613
"Dublin City 02/363";721;54;15;0;25;57;872
"Dublin City 02/364";718;37;5;4;21;25;810
"Dublin City 02/365";712;31;8;6;16;44;817
"Dublin City 02/366";754;36;9;0;18;36;853
"Dublin City 02/367";651;31;0;8;15;22;727
"Dublin City 02/368";440;34;36;8;24;53;595
"Dublin City 02/369";629;75;36;3;75;80;898
"Dublin City 02/370";764;42;1;0;18;22;847
"Dublin City 02/371";675;34;4;1;27;40;781
"Dublin City 02/372";667;32;20;2;27;28;776
"Dublin City 02/373";440;40;25;24;49;83;661
"Dublin City 02/374";415;29;35;3;47;69;598
"Dublin City 02/375";1296;46;37;5;56;156;1596
"Dublin City 02/376";1107;43;15;14;81;177;1437
"Dublin City 02/377";464;39;50;5;131;184;873
"Dublin City 02/378";190;42;34;7;94;142;509
"Dublin City 02/379";199;8;22;5;34;141;409
"Dublin City 02/380";192;29;43;18;109;258;649
"Dublin City 02/381";180;23;44;6;46;81;380
"Dublin City 02/382";589;15;39;9;10;58;720
"Dublin City 02/383, 02/620";580;36;179;28;147;338;1308
"Dublin City 02/384";181;15;41;5;87;332;661
"Dublin City 02/385";303;19;116;19;130;287;874
"Dublin City 02/386";381;24;40;17;38;91;591
"Dublin City 02/387";235;23;48;16;60;119;501
"Dublin City 02/388";392;21;39;6;40;65;563
"Dublin City 02/389";357;17;71;4;11;105;565
"Dublin City 02/390";667;25;38;13;50;96;889
"Dublin City 02/391";514;29;98;5;124;122;892
"Dublin City 02/392";331;19;20;7;27;53;457
"Dublin City 02/393";625;39;54;16;50;134;918
"Dublin City 02/394";460;35;68;8;61;109;741
"Dublin City 02/395";505;46;86;11;66;88;802
"Dublin City 02/396";967;24;2;0;5;13;1011
"Dublin City 02/397";456;40;39;2;38;70;645
"Dublin City 02/398";634;26;5;1;12;16;694
"Dublin City 02/399";572;54;32;1;51;79;789
"Dublin City 02/400";752;29;22;19;24;54;900
"Dublin City 02/401";519;23;7;0;22;31;602
"Dublin City 02/402";625;27;10;0;14;16;692
"Dublin City 02/403";725;57;29;0;23;63;897
"Dublin City 02/404";695;39;20;7;27;37;825
"Dublin City 02/405";629;29;8;0;11;43;720
"Dublin City 02/406";764;32;19;5;7;37;864
"Dublin City 02/407";993;51;31;4;32;45;1156
"Dublin City 02/408";975;39;18;0;43;87;1162
"Dublin City 02/409";776;41;13;11;19;24;884
"Dublin City 02/410";828;41;18;8;26;25;946
"Dublin City 02/411";1086;48;6;7;55;63;1265
"Dublin City 02/412";752;34;8;7;6;35;842
"Dublin City 02/413";714;28;0;0;2;3;747
"Dublin City 02/414";736;40;5;4;29;25;839
"Dublin City 02/415";1120;52;6;6;11;14;1209
"Dublin City 02/416";831;34;0;0;0;6;871
"Dublin City 02/417";1045;50;35;5;38;33;1206
"Dublin City 02/418";965;37;0;2;2;3;1009
"Dublin City 02/419";906;46;5;15;30;66;1068
"Dublin City 02/420";799;22;22;4;22;22;891
"Dublin City 02/421";785;25;6;0;12;20;848
"Dublin City 02/422";797;46;14;0;33;53;943
"Dublin City 02/423";911;32;1;1;14;30;989
"Dublin City 02/424";818;29;0;29;23;24;923
"Dublin City 02/425";879;48;14;27;11;32;1011
"Dublin City 02/426";841;30;9;4;8;26;918
"Dublin City 02/427";1164;44;2;2;9;18;1239
"Dublin City 02/428";956;35;0;4;10;15;1020
"Dublin City 02/429";947;36;8;0;3;9;1003
"Dublin City 02/430";1342;46;0;6;1;12;1407
"Dublin City 02/431";1371;61;0;0;3;33;1468
"Dublin City 02/432";1023;40;0;0;2;28;1093
"Dublin City 02/433";883;57;0;1;1;3;945
"Dublin City 02/434";807;38;0;0;0;13;858
"Dublin City 02/435";1026;48;20;18;33;36;1181
"Dublin City 02/436";1069;37;6;0;3;14;1129
"Dublin City 02/437";905;22;0;0;2;3;932
"Dublin City 02/438";902;40;4;0;5;13;964
"Dublin City 02/439";896;29;5;0;4;15;949
"Dublin City 02/440";866;24;5;4;3;32;934
"Dublin City 02/441";848;24;0;0;1;33;906
"Dublin City 02/442";1138;41;8;5;5;9;1206
"Dublin City 02/443";975;14;7;11;11;28;1046
"Dublin City 02/444";836;30;6;9;17;14;912
"Dublin City 02/445";777;26;2;6;11;20;842
"Dublin City 02/446";859;33;11;16;20;26;965
"Dublin City 02/447";1132;38;37;17;17;84;1325
"Dublin City 02/448";891;27;10;7;12;30;977
"Dublin City 02/449";762;25;0;1;20;27;835
"Dublin City 02/450";891;31;10;0;15;60;1007
"Dublin City 02/451";907;43;33;8;38;65;1094
"Dublin City 02/452";820;26;5;1;9;34;895
"Dublin City 02/453";1053;25;5;18;16;59;1176
"Dublin City 02/454";1073;41;8;12;10;34;1178
"Dublin City 02/455";812;17;2;6;9;22;868
"Dublin City 02/456";717;39;31;4;32;52;875
"Dublin City 02/457";791;31;4;1;13;32;872
"Dublin City 02/458";787;30;6;0;13;21;857
"Dublin City 02/459";767;34;6;5;24;34;870
"Dublin City 02/460";695;23;20;8;13;39;798
"Dublin City 02/461";550;38;5;5;20;25;643
"Dublin City 02/462";756;40;8;0;12;17;833
"Dublin City 02/463";668;29;15;10;18;76;816
"Dublin City 02/464";603;26;14;2;13;11;669
"Dublin City 02/465";497;26;44;7;54;65;693
"Dublin City 02/466";343;41;39;8;74;88;593
"Dublin City 02/467";663;31;10;0;20;31;755
"Dublin City 02/468";465;38;23;6;37;45;614
"Dublin City 02/469";538;44;37;3;88;70;780
"Dublin City 02/470";638;49;6;0;33;60;786
"Dublin City 02/471";439;34;5;4;32;88;602
"Dublin City 02/472";670;22;7;2;10;20;731
"Dublin City 02/473";719;32;8;7;9;32;807
"Dublin City 02/474";780;26;13;0;17;12;848
"Dublin City 02/475";863;33;10;6;50;52;1014
"Dublin City 02/476";629;41;27;15;13;49;774
"Dublin City 02/477";685;23;3;4;17;22;754
"Dublin City 02/478";769;32;3;1;18;41;864
"Dublin City 02/479";833;30;0;6;15;16;900
"Dublin City 02/480";820;26;11;8;22;17;904
"Dublin City 02/481";923;38;0;0;10;24;995
"Dublin City 02/482";741;36;14;2;24;23;840
"Dublin City 02/483";843;23;16;0;6;14;902
"Dublin City 02/484";787;43;2;9;14;28;883
"Dublin City 02/485";768;41;3;9;13;24;858
"Dublin City 02/486";942;31;4;0;15;21;1013
"Dublin City 02/487";819;30;3;2;12;9;875
"Dublin City 02/488";814;36;15;0;1;22;888
"Dublin City 02/489";778;47;0;6;7;14;852
"Dublin City 02/490";831;39;4;3;9;16;902
"Dublin City 02/491";804;42;23;6;6;53;934
"Dublin City 02/492";1068;55;4;7;8;23;1165
"Dublin City 02/493";1072;45;2;10;16;56;1201
"Dublin City 02/494";1022;46;9;0;6;9;1092
"Dublin City 02/495";909;43;0;0;19;10;981
"Dublin City 02/496";969;49;7;7;9;63;1104
"Dublin City 02/497";620;45;30;10;40;75;820
"Dublin City 02/498";942;58;0;2;5;15;1022
"Dublin City 02/499";1014;35;0;0;2;11;1062
"Dublin City 02/500";1065;34;2;0;2;17;1120
"Dublin City 02/501";968;43;10;2;8;11;1042
"Dublin City 02/502";1015;40;6;0;8;22;1091
"Dublin City 02/503";901;58;11;0;4;15;989
"Dublin City 02/504";1135;53;14;0;12;16;1230
"Dublin City 02/505";943;42;8;4;9;28;1034
"Dublin City 02/506";926;29;0;2;18;16;991
"Dublin City 02/507";923;32;12;14;15;12;1008
"Dublin City 02/508";992;46;3;0;8;19;1068
"Dublin City 02/509";1068;52;4;0;2;13;1139
"Dublin City 02/510";1003;64;9;11;14;28;1129
"Dublin City 02/511";1150;48;2;0;8;14;1222
"Dublin City 02/512";1019;50;1;3;7;24;1104
"Dublin City 02/513";872;39;7;0;8;11;937
"Dublin City 02/514";824;45;0;2;9;28;908
"Dublin City 02/515";717;42;2;0;19;32;812
"Dublin City 02/516";565;18;5;0;13;19;620
"Dublin City 02/517";724;39;0;0;6;20;789
"Dublin City 02/518";764;30;3;12;7;13;829
"Dublin City 02/519";759;22;15;0;6;28;830
"Dublin City 02/520";716;29;0;0;7;12;764
"Dublin City 02/521";711;36;9;4;14;27;801
"Dublin City 02/522";711;53;4;2;23;29;822
"Dublin City 02/523";819;35;10;2;11;50;927
"Dublin City 02/524";760;46;2;0;26;35;869
"Dublin City 02/525";699;57;5;4;33;32;830
"Dublin City 02/526";905;51;19;4;16;27;1022
"Dublin City 02/527";707;44;5;3;31;39;829
"Dublin City 02/528";1010;43;6;0;11;35;1105
"Dublin City 02/529";683;41;11;2;38;42;817
"Dublin City 02/530";700;52;10;6;21;44;833
"Dublin City 02/531";636;40;18;11;32;44;781
"Dublin City 02/532";600;36;9;4;27;44;720
"Dublin City 02/533";942;48;6;2;31;63;1092
"Dublin City 02/534";737;44;15;1;35;31;863
"Dublin City 02/535";647;31;22;11;55;60;826
"Dublin City 02/536";611;29;2;5;34;10;691
"Dublin City 02/537";601;27;11;12;24;43;718
"Dublin City 02/538";663;35;31;14;40;50;833
"Dublin City 02/539";438;33;13;3;24;15;526
"Dublin City 02/540";870;15;3;2;9;22;921
"Dublin City 02/541";811;13;10;3;10;31;878
"Dublin City 02/542";440;59;39;6;95;154;793
"Dublin City 02/543";521;25;8;2;19;25;600
"Dublin City 02/544";438;27;26;11;22;59;583
"Dublin City 02/545";677;18;29;4;47;55;830
"Dublin City 02/546";398;23;16;9;39;49;534
"Dublin City 02/547";408;21;6;0;6;21;462
"Dublin City 02/548";483;27;41;6;38;57;652
"Dublin City 02/549";381;11;1;0;3;3;399
"Dublin City 02/550";602;31;28;4;14;20;699
"Dublin City 02/551";249;51;5;0;33;90;428
"Dublin City 02/552";426;41;16;5;61;95;644
"Dublin City 02/553";232;42;9;0;77;67;427
"Dublin City 02/554";281;46;12;5;84;60;488
"Dublin City 02/555";458;45;18;6;36;70;633
"Dublin City 02/556";419;14;4;0;36;56;529
"Dublin City 02/557";792;36;7;4;29;41;909
"Dublin City 02/558";976;37;1;6;8;8;1036
"Dublin City 02/559";513;31;5;0;32;30;611
"Dublin City 02/561";415;52;15;3;42;68;595
"Dublin City 02/562";140;18;44;1;40;243;486
"Dublin City 02/563";434;39;54;5;43;286;861
"Dublin City 02/564";343;40;17;4;52;203;659
"Dublin City 02/565";511;33;79;6;50;110;789
"Dublin City 02/566";313;17;24;1;30;101;486
"Dublin City 02/567";440;19;49;6;83;214;811
"Dublin City 02/568";268;30;11;1;25;62;397
"Dublin City 02/569";584;50;33;3;67;131;868
"Dublin City 02/570";391;40;24;6;29;96;586
"Dublin City 02/571";222;33;33;28;34;108;458
"Dublin City 02/572";924;19;9;0;9;24;985
"Dublin City 02/573";745;20;6;0;9;17;797
"Dublin City 02/574";282;22;89;20;116;241;770
"Dublin City 02/575";510;33;25;7;63;213;851
"Dublin City 02/576";223;24;104;13;124;285;773
"Dublin City 02/577";322;37;55;11;59;152;636
"Dublin City 02/578";653;24;5;17;21;31;751
"Dublin City 02/579";980;51;28;5;20;43;1127
"Dublin City 02/580";223;29;31;5;69;121;478
"Dublin City 02/581";248;22;49;10;162;423;914
"Dublin City 02/582";306;23;22;0;56;170;577
"Dublin City 02/583";103;11;20;2;49;158;343
"Dublin City 02/584";641;33;29;14;36;169;922
"Dublin City 02/585";731;34;26;11;29;64;895
"Dublin City 02/586";541;29;8;0;29;43;650
"Dublin City 02/587";741;29;0;0;6;45;821
"Dublin City 02/588";585;39;2;0;5;51;682
"Dublin City 02/589";591;83;5;2;58;77;816
"Dublin City 02/590";296;30;3;1;31;122;483
"Dublin City 02/591, 02/230";464;69;14;4;168;209;928
"Dublin City 02/592";896;54;3;7;32;42;1034
"Dublin City 02/593";952;43;5;10;31;31;1072
"Dublin City 02/594";461;43;12;1;49;40;606
"Dublin City 02/595";601;65;63;10;126;166;1031
"Dublin City 02/596";783;52;58;6;28;194;1121
"Dublin City 02/597";298;39;13;0;41;43;434
"Dublin City 02/598";108;16;3;2;57;71;257
"Dublin City 02/599";172;7;9;6;12;25;231
"Dublin City 02/600";1235;86;24;19;24;104;1492
"Dublin City 02/601";293;47;10;4;18;53;425
"Dublin City 02/602";527;33;7;0;21;60;648
"Dublin City 02/603";487;52;4;1;49;165;758
"Dublin City 02/604";358;58;3;1;36;62;518
"Dublin City 02/605";287;7;4;10;2;31;341
"Dublin City 02/606";551;26;10;0;20;33;640
"Dublin City 02/607";105;24;4;0;16;17;166
"Dublin City 02/608";105;14;2;0;8;13;142
"Dublin City 02/609";327;37;7;2;27;87;487
"Dublin City 02/610";179;33;8;2;83;199;504
"Dublin City 02/612";561;24;11;1;14;31;642
"Dublin City 02/613";470;10;28;2;44;72;626
"Dublin City 02/614";336;18;7;0;8;29;398
"Dublin City 02/615";300;22;25;14;61;210;632
"Dublin City 02/616";353;35;1;0;23;26;438
"Dublin City 02/617";266;9;13;1;32;60;381
"Dublin City 02/618";389;14;27;3;34;116;583
"Dublin City 02/619";134;22;55;6;117;109;443
"Dublin City 02/621";506;19;19;7;23;117;691
"Dublin City 02/622";243;18;129;14;146;252;802
"Dublin City 02/623";468;13;20;0;27;20;548
"Dublin City 02/624";500;35;8;6;21;87;657
"Dublin City 02/625";472;18;23;5;27;70;615
"Dublin City 02/626";532;40;12;3;9;24;620
"Dublin City 02/627";977;37;31;20;11;165;1241
"Dublin City 02/628";939;47;7;5;35;36;1069
"Dublin City 02/629";580;30;91;15;20;72;808
"Dublin City 02/630";761;38;2;0;9;15;825
"Dublin City 02/631";249;50;83;12;120;325;839
"Dublin City 02/632";708;23;15;4;8;17;775
"Dublin City 02/633";248;30;37;12;46;52;425
"Dublin City 02/634";314;40;72;12;75;73;586
"Dublin City 02/635";329;35;43;2;88;136;633
"South Dublin 03 ";191306;8886;3164;1854;3153;13402;221765
"South Dublin 03/001";794;54;7;1;20;56;932
"South Dublin 03/002";866;49;8;0;13;40;976
"South Dublin 03/003";611;26;17;1;10;55;720
"South Dublin 03/004";869;40;10;0;9;34;962
"South Dublin 03/005";820;45;2;1;6;16;890
"South Dublin 03/006";882;59;9;0;13;46;1009
"South Dublin 03/007";855;40;2;1;12;18;928
"South Dublin 03/008";745;34;3;3;5;21;811
"South Dublin 03/009";651;28;1;2;5;34;721
"South Dublin 03/010";870;39;4;8;12;17;950
"South Dublin 03/011";1027;46;2;0;3;34;1112
"South Dublin 03/012";882;43;21;4;12;57;1019
"South Dublin 03/013";732;45;1;3;14;38;833
"South Dublin 03/014";896;43;5;2;11;22;979
"South Dublin 03/015";668;42;15;7;19;67;818
"South Dublin 03/016";1027;49;2;5;23;31;1137
"South Dublin 03/017";834;47;9;8;16;36;950
"South Dublin 03/018";904;47;10;4;11;41;1017
"South Dublin 03/019";795;46;11;0;12;81;945
"South Dublin 03/020";971;54;4;0;6;33;1068
"South Dublin 03/021";994;53;3;0;17;25;1092
"South Dublin 03/022";854;40;1;0;11;15;921
"South Dublin 03/023";979;43;2;7;10;37;1078
"South Dublin 03/024";1018;36;5;7;17;32;1115
"South Dublin 03/025";1112;43;7;0;9;21;1192
"South Dublin 03/026";1033;32;0;0;16;21;1102
"South Dublin 03/027";847;33;0;1;8;26;915
"South Dublin 03/028";697;49;0;1;14;10;771
"South Dublin 03/029";822;34;10;3;15;56;940
"South Dublin 03/030";629;32;9;0;9;47;726
"South Dublin 03/031";911;38;7;0;9;20;985
"South Dublin 03/032";888;31;3;0;9;22;953
"South Dublin 03/033";882;28;0;4;5;4;923
"South Dublin 03/034";635;26;10;8;25;26;730
"South Dublin 03/035";829;34;3;9;6;25;906
"South Dublin 03/036";776;26;8;3;6;26;845
"South Dublin 03/037";802;18;7;0;4;8;839
"South Dublin 03/038";809;15;6;0;15;6;851
"South Dublin 03/039";863;29;2;0;5;13;912
"South Dublin 03/040";919;23;28;6;2;19;997
"South Dublin 03/041";723;29;5;0;3;8;768
"South Dublin 03/042";876;32;8;0;5;36;957
"South Dublin 03/043";1017;31;0;0;5;29;1082
"South Dublin 03/044";939;23;3;1;1;20;987
"South Dublin 03/045";1046;34;0;2;5;24;1111
"South Dublin 03/046";1105;32;4;0;10;24;1175
"South Dublin 03/047";1052;32;7;5;10;26;1132
"South Dublin 03/048";962;47;5;0;5;23;1042
"South Dublin 03/049";859;40;24;6;20;44;993
"South Dublin 03/051, 03/050";1880;51;12;20;26;97;2086
"South Dublin 03/052";1112;38;5;0;6;14;1175
"South Dublin 03/053";988;54;12;0;2;6;1062
"South Dublin 03/054";898;57;12;0;22;35;1024
"South Dublin 03/055";1011;29;15;1;12;13;1081
"South Dublin 03/056";948;29;8;5;13;31;1034
"South Dublin 03/057";1089;24;10;17;6;6;1152
"South Dublin 03/058";1097;31;11;10;8;22;1179
"South Dublin 03/059";875;44;20;5;9;26;979
"South Dublin 03/060";1153;32;20;7;6;23;1241
"South Dublin 03/061";921;41;18;4;10;44;1038
"South Dublin 03/062";918;39;34;12;40;183;1226
"South Dublin 03/063";823;37;15;17;43;54;989
"South Dublin 03/064";774;25;75;38;30;143;1085
"South Dublin 03/065";820;20;25;22;30;91;1008
"South Dublin 03/066";882;32;45;17;12;113;1101
"South Dublin 03/067";925;46;24;23;20;115;1153
"South Dublin 03/068";1384;53;0;1;9;44;1491
"South Dublin 03/069";1167;61;0;1;1;41;1271
"South Dublin 03/070";1127;41;13;15;12;77;1285
"South Dublin 03/072";1122;39;40;42;40;40;1323
"South Dublin 03/074";1115;32;38;0;20;46;1251
"South Dublin 03/075";1016;47;56;55;37;125;1336
"South Dublin 03/076";985;66;131;47;46;151;1426
"South Dublin 03/077";1100;37;82;19;12;89;1339
"South Dublin 03/078";885;41;50;59;22;103;1160
"South Dublin 03/079";805;45;27;22;9;18;926
"South Dublin 03/080";1068;68;24;43;23;79;1305
"South Dublin 03/081";297;18;106;11;16;133;581
"South Dublin 03/082";950;34;9;5;6;28;1032
"South Dublin 03/083";837;29;19;9;5;41;940
"South Dublin 03/084";1009;48;27;11;16;51;1162
"South Dublin 03/085";841;40;51;14;18;82;1046
"South Dublin 03/086";1014;44;49;44;26;76;1253
"South Dublin 03/087";878;53;48;2;13;75;1069
"South Dublin 03/088";749;40;22;14;16;52;893
"South Dublin 03/089";889;48;46;16;29;83;1111
"South Dublin 03/091";1050;32;3;0;8;34;1127
"South Dublin 03/092";1007;64;0;0;10;104;1185
"South Dublin 03/093";919;46;52;20;18;129;1184
"South Dublin 03/094";983;44;13;6;5;27;1078
"South Dublin 03/095";1015;40;9;5;7;69;1145
"South Dublin 03/096";1116;41;9;16;5;33;1220
"South Dublin 03/097";779;27;41;17;21;51;936
"South Dublin 03/099";1162;41;4;0;1;7;1215
"South Dublin 03/100";1109;44;26;6;16;45;1246
"South Dublin 03/101";1061;41;18;0;7;32;1159
"South Dublin 03/102";1096;33;2;0;1;15;1147
"South Dublin 03/103";1059;54;1;4;8;58;1184
"South Dublin 03/104";1003;29;19;6;2;18;1077
"South Dublin 03/105";936;25;0;0;3;3;967
"South Dublin 03/106";1009;28;0;0;5;14;1056
"South Dublin 03/107";1011;29;8;0;7;19;1074
"South Dublin 03/108";1282;36;0;0;5;29;1352
"South Dublin 03/109";1272;62;26;6;22;84;1472
"South Dublin 03/110";990;37;2;10;5;21;1065
"South Dublin 03/111";1177;34;27;2;14;16;1270
"South Dublin 03/112";1189;38;12;5;20;72;1336
"South Dublin 03/113";1002;28;18;7;11;47;1113
"South Dublin 03/114";967;34;15;9;8;47;1080
"South Dublin 03/115";899;32;18;10;7;39;1005
"South Dublin 03/116";793;23;7;6;12;18;859
"South Dublin 03/117";729;17;7;7;13;21;794
"South Dublin 03/118";999;45;14;5;16;59;1138
"South Dublin 03/119";863;71;18;31;51;120;1154
"South Dublin 03/120";970;56;23;18;17;110;1194
"South Dublin 03/121";846;57;14;15;43;146;1121
"South Dublin 03/122";784;44;12;20;21;296;1177
"South Dublin 03/123";832;67;12;29;15;212;1167
"South Dublin 03/124";938;56;15;29;16;72;1126
"South Dublin 03/125";882;52;5;5;22;40;1006
"South Dublin 03/126";1130;40;0;0;4;35;1209
"South Dublin 03/127";991;59;15;0;6;48;1119
"South Dublin 03/128";621;34;14;4;24;58;755
"South Dublin 03/129";955;58;0;15;9;70;1107
"South Dublin 03/130";781;60;7;21;17;86;972
"South Dublin 03/131";959;41;12;0;16;44;1072
"South Dublin 03/132";898;50;9;3;14;46;1020
"South Dublin 03/133";932;44;20;10;11;48;1065
"South Dublin 03/134";894;57;6;4;8;53;1022
"South Dublin 03/141";1129;57;11;4;16;98;1315
"South Dublin 03/142";681;26;4;0;5;111;827
"South Dublin 03/143";1132;53;29;19;17;137;1387
"South Dublin 03/144";890;44;35;5;28;75;1077
"South Dublin 03/145";885;50;0;0;2;17;954
"South Dublin 03/146";990;35;8;2;18;39;1092
"South Dublin 03/148";1074;38;11;1;7;2;1133
"South Dublin 03/149";938;41;11;3;7;10;1010
"South Dublin 03/150";959;47;0;0;1;33;1040
"South Dublin 03/151";1092;55;3;0;11;8;1169
"South Dublin 03/152";1088;43;0;7;2;36;1176
"South Dublin 03/153";1136;48;17;12;19;52;1284
"South Dublin 03/154";1114;59;1;0;7;46;1227
"South Dublin 03/155";964;60;40;10;16;53;1143
"South Dublin 03/156";891;42;12;10;28;38;1021
"South Dublin 03/157";893;39;12;0;5;47;996
"South Dublin 03/158";1076;31;11;8;11;55;1192
"South Dublin 03/159";1033;36;7;23;17;52;1168
"South Dublin 03/160";900;31;13;4;15;19;982
"South Dublin 03/161";965;25;4;4;1;30;1029
"South Dublin 03/162";874;28;1;3;5;18;929
"South Dublin 03/163";925;35;4;0;17;14;995
"South Dublin 03/164";1150;53;0;10;15;76;1304
"South Dublin 03/165";1004;42;7;0;11;61;1125
"South Dublin 03/166";1096;42;4;6;10;49;1207
"South Dublin 03/167";1201;57;5;0;24;114;1401
"South Dublin 03/168";1023;47;17;14;37;74;1212
"South Dublin 03/169";835;48;7;17;19;133;1059
"South Dublin 03/170";1347;82;16;6;14;82;1547
"South Dublin 03/171";1297;64;5;6;18;56;1446
"South Dublin 03/173";1025;45;0;2;5;38;1115
"South Dublin 03/174";838;48;1;3;14;52;956
"South Dublin 03/175";1061;53;1;2;11;66;1194
"South Dublin 03/177";1051;50;2;5;9;44;1161
"South Dublin 03/179";983;39;1;4;9;15;1051
"South Dublin 03/180";1167;64;8;1;22;55;1317
"South Dublin 03/181";642;35;13;9;22;39;760
"South Dublin 03/182";1122;47;6;3;16;41;1235
"South Dublin 03/184";928;63;23;29;25;140;1208
"South Dublin 03/185";1293;86;20;5;40;90;1534
"South Dublin 03/186";733;48;9;0;19;59;868
"South Dublin 03/187";796;22;8;4;12;19;861
"South Dublin 03/188";989;42;36;10;27;36;1140
"South Dublin 03/190";886;62;16;32;27;112;1135
"South Dublin 03/191";747;48;24;23;34;202;1078
"South Dublin 03/192";1104;63;39;26;52;258;1542
"South Dublin 03/193";907;80;19;16;19;143;1184
"South Dublin 03/194";750;37;20;34;23;104;968
"South Dublin 03/195";862;51;22;16;34;158;1143
"South Dublin 03/196";830;73;30;24;20;209;1186
"South Dublin 03/197";860;64;24;29;8;257;1242
"South Dublin 03/198";828;48;35;27;40;276;1254
"South Dublin 03/199";1173;28;4;0;0;26;1231
"South Dublin 03/200";986;59;4;4;4;46;1103
"South Dublin 03/201";914;49;0;2;8;53;1026
"South Dublin 03/202";756;36;1;6;19;85;903
"South Dublin 03/203";893;61;9;9;23;101;1096
"South Dublin 03/204";1078;58;8;0;12;63;1219
"South Dublin 03/205";1058;48;23;3;22;84;1238
"South Dublin 03/206";999;61;18;19;20;261;1378
"South Dublin 03/207";1282;91;23;19;27;163;1605
"South Dublin 03/209";877;66;20;49;45;390;1447
"South Dublin 03/210";423;74;9;1;36;93;636
"South Dublin 03/211";579;24;159;57;92;292;1203
"South Dublin 03/212";947;48;2;7;15;24;1043
"South Dublin 03/213";768;35;0;3;8;80;894
"South Dublin 03/214";590;54;62;20;29;159;914
"South Dublin 03/216";224;15;5;6;10;84;344
"South Dublin 03/218";1009;61;16;18;42;133;1279
"South Dublin 03/221";646;24;14;18;15;130;847
"South Dublin 03/222";642;49;20;2;9;66;788
"South Dublin 03/223";1064;69;18;11;32;193;1387
"South Dublin 03/224";877;61;11;1;29;109;1088
"South Dublin 03/225";500;16;12;3;12;50;593
"South Dublin 03/227";497;34;13;20;10;65;639
"South Dublin 03/228";721;37;19;6;13;89;885
"Fingal 04 ";84892;5100;2077;1553;3385;12303;109310
"Fingal 04/069";694;26;19;20;15;18;792
"Fingal 04/070";741;41;9;43;26;40;900
"Fingal 04/072";930;56;7;0;13;19;1025
"Fingal 04/073";857;48;4;4;3;15;931
"Fingal 04/074";797;50;4;0;18;15;884
"Fingal 04/075";953;52;1;0;13;20;1039
"Fingal 04/076";982;52;5;0;6;20;1065
"Fingal 04/077";943;33;4;1;21;41;1043
"Fingal 04/078";725;61;22;1;19;53;881
"Fingal 04/079";793;54;11;24;34;33;949
"Fingal 04/080";924;59;1;1;6;22;1013
"Fingal 04/081";685;59;12;4;21;68;849
"Fingal 04/082";861;65;6;0;11;50;993
"Fingal 04/083";776;89;2;0;11;48;926
"Fingal 04/084";794;74;10;0;17;34;929
"Fingal 04/085";922;49;0;1;22;30;1024
"Fingal 04/086";985;95;2;0;34;40;1156
"Fingal 04/087";911;85;3;0;17;41;1057
"Fingal 04/088";999;62;3;0;24;31;1119
"Fingal 04/089";976;61;5;0;15;75;1132
"Fingal 04/090";593;33;26;24;33;197;906
"Fingal 04/091";894;42;18;31;21;60;1066
"Fingal 04/092";1288;57;5;6;3;102;1461
"Fingal 04/093";1052;50;5;4;11;14;1136
"Fingal 04/095";798;31;2;6;17;61;915
"Fingal 04/096";794;25;6;10;25;32;892
"Fingal 04/097";712;34;61;20;80;160;1067
"Fingal 04/098";985;33;17;0;12;81;1128
"Fingal 04/099";1127;60;39;24;31;161;1442
"Fingal 04/100";1085;57;10;0;10;85;1247
"Fingal 04/101";832;32;9;16;21;61;971
"Fingal 04/102";742;31;16;16;29;131;965
"Fingal 04/103";1005;40;1;8;3;45;1102
"Fingal 04/104";1046;31;1;6;21;36;1141
"Fingal 04/105";993;59;21;22;42;108;1245
"Fingal 04/106";1026;45;10;8;19;139;1247
"Fingal 04/107";1071;52;12;25;20;96;1276
"Fingal 04/108";876;50;22;4;24;115;1091
"Fingal 04/109";1018;44;20;13;20;98;1213
"Fingal 04/110";1120;62;16;24;17;105;1344
"Fingal 04/113";935;45;8;8;18;105;1119
"Fingal 04/114";1017;41;25;13;20;110;1226
"Fingal 04/115";939;41;12;11;24;102;1129
"Fingal 04/116";980;40;21;36;31;90;1198
"Fingal 04/118";1178;91;10;20;31;137;1467
"Fingal 04/119";909;62;23;15;29;99;1137
"Fingal 04/120";817;48;21;23;24;142;1075
"Fingal 04/121";945;51;15;13;43;222;1289
"Fingal 04/122";1041;58;18;19;45;132;1313
"Fingal 04/123";929;46;9;15;23;97;1119
"Fingal 04/124";989;38;15;19;37;146;1244
"Fingal 04/125";627;36;33;9;31;108;844
"Fingal 04/126";1023;51;0;15;35;54;1178
"Fingal 04/127";839;30;0;0;10;19;898
"Fingal 04/128";1033;66;9;7;37;34;1186
"Fingal 04/129";1126;57;7;1;12;56;1259
"Fingal 04/130";886;53;10;1;17;42;1009
"Fingal 04/148";850;60;9;0;9;54;982
"Fingal 04/149";676;72;4;0;37;33;822
"Fingal 04/150";608;42;57;28;57;297;1089
"Fingal 04/151";777;49;40;19;82;240;1207
"Fingal 04/152";220;20;46;15;86;207;594
"Fingal 04/153";700;37;19;11;13;95;875
"Fingal 04/154";775;35;14;39;45;92;1000
"Fingal 04/155";992;40;16;11;20;88;1167
"Fingal 04/156";558;51;53;56;53;222;993
"Fingal 04/158";1215;45;2;25;37;105;1429
"Fingal 04/159";908;68;40;45;74;141;1276
"Fingal 04/160";918;62;42;39;36;107;1204
"Fingal 04/161";819;56;14;23;33;215;1160
"Fingal 04/162";768;37;18;37;56;248;1164
"Fingal 04/163";804;53;9;37;39;219;1161
"Fingal 04/164";1023;70;21;35;31;227;1407
"Fingal 04/165";815;61;17;32;42;183;1150
"Fingal 04/166";722;43;17;9;30;206;1027
"Fingal 04/167";876;88;26;27;30;175;1222
"Fingal 04/168";838;66;28;46;52;174;1204
"Fingal 04/169";939;50;5;0;18;27;1039
"Fingal 04/172";581;38;13;2;35;259;928
"Fingal 04/174";807;78;53;34;71;255;1298
"Fingal 04/176";588;31;16;9;37;182;863
"Fingal 04/204";484;40;11;10;38;160;743
"Fingal 04/205";1024;68;147;55;163;450;1907
"Fingal 04/206";582;39;24;8;65;252;970
"Fingal 04/207";1144;35;17;0;14;118;1328
"Fingal 04/208";609;41;46;16;66;189;967
"Fingal 04/209";551;31;11;7;29;87;716
"Fingal 04/210";847;73;20;11;24;226;1201
"Fingal 04/211";464;44;31;16;47;184;786
"Fingal 04/213";653;67;29;25;38;232;1044
"Fingal 04/214";737;63;17;3;44;181;1045
"Fingal 04/215";557;48;23;26;25;161;840
"Fingal 04/216";713;33;21;11;32;224;1034
"Fingal 04/217";663;49;49;60;49;201;1071
"Fingal 04/218";734;63;94;66;184;500;1641
"Fingal 04/219";854;52;48;16;38;403;1411
"Fingal 04/220";997;35;27;20;63;55;1197
"Fingal 04/221";137;10;14;3;14;22;200
"Fingal 04/223";739;66;60;15;54;128;1062
"Fingal 04/224";359;52;25;2;24;69;531
"Fingal 04/225";749;46;101;13;79;115;1103
"Dún Laoghaire-Rathdown 05 ";153142;11111;1703;338;4176;10164;180634
"Dún Laoghaire-Rathdown 05/001";731;52;7;1;19;73;883
"Dún Laoghaire-Rathdown 05/002";540;48;14;0;17;73;692
"Dún Laoghaire-Rathdown 05/003";783;87;7;0;33;128;1038
"Dún Laoghaire-Rathdown 05/004";476;54;3;1;29;50;613
"Dún Laoghaire-Rathdown 05/005";689;61;7;6;32;92;887
"Dún Laoghaire-Rathdown 05/006";857;79;9;0;15;76;1036
"Dún Laoghaire-Rathdown 05/007";645;61;13;10;46;80;855
"Dún Laoghaire-Rathdown 05/008";831;90;19;1;19;95;1055
"Dún Laoghaire-Rathdown 05/009";523;54;1;2;26;84;690
"Dún Laoghaire-Rathdown 05/010";666;70;9;0;40;56;841
"Dún Laoghaire-Rathdown 05/011";623;47;10;5;27;74;786
"Dún Laoghaire-Rathdown 05/012";885;62;2;0;19;41;1009
"Dún Laoghaire-Rathdown 05/013";531;52;12;2;42;46;685
"Dún Laoghaire-Rathdown 05/014";481;56;11;0;29;44;621
"Dún Laoghaire-Rathdown 05/015";615;70;10;9;20;39;763
"Dún Laoghaire-Rathdown 05/016";450;58;20;9;36;50;623
"Dún Laoghaire-Rathdown 05/017";712;60;16;8;41;61;898
"Dún Laoghaire-Rathdown 05/018";785;62;15;5;22;38;927
"Dún Laoghaire-Rathdown 05/019";451;67;59;0;50;155;782
"Dún Laoghaire-Rathdown 05/020";670;81;13;0;35;60;859
"Dún Laoghaire-Rathdown 05/021";457;39;5;0;13;37;551
"Dún Laoghaire-Rathdown 05/022";621;57;36;7;46;112;879
"Dún Laoghaire-Rathdown 05/023";630;46;21;4;24;31;756
"Dún Laoghaire-Rathdown 05/024";746;80;35;0;26;50;937
"Dún Laoghaire-Rathdown 05/025";360;39;18;0;30;61;508
"Dún Laoghaire-Rathdown 05/026";511;62;30;2;44;81;730
"Dún Laoghaire-Rathdown 05/027";343;30;31;2;46;87;539
"Dún Laoghaire-Rathdown 05/028";765;54;12;0;13;32;876
"Dún Laoghaire-Rathdown 05/029";662;28;3;0;8;20;721
"Dún Laoghaire-Rathdown 05/030";708;36;17;0;15;22;798
"Dún Laoghaire-Rathdown 05/031";813;38;13;0;34;53;951
"Dún Laoghaire-Rathdown 05/032";848;48;12;0;20;19;947
"Dún Laoghaire-Rathdown 05/033";944;38;23;0;7;10;1022
"Dún Laoghaire-Rathdown 05/034";576;58;39;0;33;93;799
"Dún Laoghaire-Rathdown 05/035";821;23;4;0;5;16;869
"Dún Laoghaire-Rathdown 05/036";848;56;10;0;19;46;979
"Dún Laoghaire-Rathdown 05/037";893;72;1;0;18;39;1023
"Dún Laoghaire-Rathdown 05/038";777;64;2;0;14;35;892
"Dún Laoghaire-Rathdown 05/039";561;55;9;2;9;27;663
"Dún Laoghaire-Rathdown 05/040";477;59;11;0;22;48;617
"Dún Laoghaire-Rathdown 05/041";522;50;8;0;8;55;643
"Dún Laoghaire-Rathdown 05/042";685;102;8;1;23;62;881
"Dún Laoghaire-Rathdown 05/043";539;60;11;1;20;54;685
"Dún Laoghaire-Rathdown 05/044";835;73;13;1;17;36;975
"Dún Laoghaire-Rathdown 05/045";750;70;3;0;21;59;903
"Dún Laoghaire-Rathdown 05/046";701;72;1;0;24;50;848
"Dún Laoghaire-Rathdown 05/047";726;49;2;0;4;32;813
"Dún Laoghaire-Rathdown 05/048";600;49;0;0;10;38;697
"Dún Laoghaire-Rathdown 05/049, 05/051";1125;151;3;0;43;104;1426
"Dún Laoghaire-Rathdown 05/050";588;68;2;0;13;32;703
"Dún Laoghaire-Rathdown 05/052";848;67;4;0;18;39;976
"Dún Laoghaire-Rathdown 05/053";782;75;0;0;25;38;920
"Dún Laoghaire-Rathdown 05/054";940;96;7;0;14;45;1102
"Dún Laoghaire-Rathdown 05/055";825;100;5;0;22;58;1010
"Dún Laoghaire-Rathdown 05/056";877;54;0;0;21;34;986
"Dún Laoghaire-Rathdown 05/057";580;59;16;0;35;46;736
"Dún Laoghaire-Rathdown 05/058";829;78;7;2;20;42;978
"Dún Laoghaire-Rathdown 05/059";935;26;0;0;1;9;971
"Dún Laoghaire-Rathdown 05/060";1234;47;1;0;8;12;1302
"Dún Laoghaire-Rathdown 05/061";1203;61;0;0;4;31;1299
"Dún Laoghaire-Rathdown 05/062";943;75;13;8;15;54;1108
"Dún Laoghaire-Rathdown 05/063";1111;60;0;0;18;37;1226
"Dún Laoghaire-Rathdown 05/064";986;42;0;0;5;17;1050
"Dún Laoghaire-Rathdown 05/065";860;58;13;6;39;83;1059
"Dún Laoghaire-Rathdown 05/066";1044;84;7;0;26;50;1211
"Dún Laoghaire-Rathdown 05/067";900;59;12;1;21;43;1036
"Dún Laoghaire-Rathdown 05/069";869;66;5;0;55;179;1174
"Dún Laoghaire-Rathdown 05/070";911;55;0;4;29;48;1047
"Dún Laoghaire-Rathdown 05/071";910;87;7;16;16;52;1088
"Dún Laoghaire-Rathdown 05/072";1007;59;6;0;8;33;1113
"Dún Laoghaire-Rathdown 05/073";392;44;10;1;22;57;526
"Dún Laoghaire-Rathdown 05/074";972;29;2;0;3;14;1020
"Dún Laoghaire-Rathdown 05/075";1045;38;2;0;5;16;1106
"Dún Laoghaire-Rathdown 05/076";919;60;6;2;15;47;1049
"Dún Laoghaire-Rathdown 05/077";890;57;5;0;11;37;1000
"Dún Laoghaire-Rathdown 05/078";981;56;0;0;20;25;1082
"Dún Laoghaire-Rathdown 05/079";709;46;12;0;7;23;797
"Dún Laoghaire-Rathdown 05/080";861;36;3;0;6;32;938
"Dún Laoghaire-Rathdown 05/081";883;56;2;0;17;51;1009
"Dún Laoghaire-Rathdown 05/082";858;48;6;0;17;26;955
"Dún Laoghaire-Rathdown 05/083";1032;39;5;2;13;49;1140
"Dún Laoghaire-Rathdown 05/084";798;57;7;0;11;39;912
"Dún Laoghaire-Rathdown 05/085";1024;79;31;1;17;43;1195
"Dún Laoghaire-Rathdown 05/086";768;42;16;8;15;50;899
"Dún Laoghaire-Rathdown 05/087";729;74;7;0;20;55;885
"Dún Laoghaire-Rathdown 05/088";934;66;1;0;24;51;1076
"Dún Laoghaire-Rathdown 05/089";881;87;1;0;20;34;1023
"Dún Laoghaire-Rathdown 05/090";940;92;6;0;22;57;1117
"Dún Laoghaire-Rathdown 05/091";834;56;14;3;27;40;974
"Dún Laoghaire-Rathdown 05/092";835;61;9;2;18;46;971
"Dún Laoghaire-Rathdown 05/093";851;69;1;1;21;68;1011
"Dún Laoghaire-Rathdown 05/094";1141;55;19;0;29;83;1327
"Dún Laoghaire-Rathdown 05/095";922;62;20;5;57;126;1192
"Dún Laoghaire-Rathdown 05/096";528;39;14;1;35;87;704
"Dún Laoghaire-Rathdown 05/097";865;50;12;0;38;64;1029
"Dún Laoghaire-Rathdown 05/098";871;63;4;0;17;64;1019
"Dún Laoghaire-Rathdown 05/099";795;49;2;0;20;29;895
"Dún Laoghaire-Rathdown 05/100";800;53;4;1;42;69;969
"Dún Laoghaire-Rathdown 05/101";645;41;5;4;19;102;816
"Dún Laoghaire-Rathdown 05/102";761;65;1;1;17;24;869
"Dún Laoghaire-Rathdown 05/103";834;48;4;5;24;26;941
"Dún Laoghaire-Rathdown 05/104";782;47;6;1;11;20;867
"Dún Laoghaire-Rathdown 05/105";833;44;9;0;8;26;920
"Dún Laoghaire-Rathdown 05/106";768;58;5;0;18;42;891
"Dún Laoghaire-Rathdown 05/107";859;62;1;2;16;21;961
"Dún Laoghaire-Rathdown 05/108";729;40;11;0;28;68;876
"Dún Laoghaire-Rathdown 05/109";770;58;2;5;18;40;893
"Dún Laoghaire-Rathdown 05/110";628;46;5;1;46;52;778
"Dún Laoghaire-Rathdown 05/111";785;60;2;3;19;60;929
"Dún Laoghaire-Rathdown 05/112";948;60;2;0;23;68;1101
"Dún Laoghaire-Rathdown 05/113";999;67;0;0;16;56;1138
"Dún Laoghaire-Rathdown 05/114";1013;75;1;0;17;31;1137
"Dún Laoghaire-Rathdown 05/115";964;68;4;1;29;73;1139
"Dún Laoghaire-Rathdown 05/116";950;102;0;0;29;63;1144
"Dún Laoghaire-Rathdown 05/117";956;108;1;1;35;73;1174
"Dún Laoghaire-Rathdown 05/118";1461;111;7;0;25;72;1676
"Dún Laoghaire-Rathdown 05/119";888;68;26;8;26;101;1117
"Dún Laoghaire-Rathdown 05/121";928;84;22;0;37;90;1161
"Dún Laoghaire-Rathdown 05/122";1112;68;25;2;32;86;1325
"Dún Laoghaire-Rathdown 05/123";852;54;25;6;36;60;1033
"Dún Laoghaire-Rathdown 05/126";843;72;12;0;13;33;973
"Dún Laoghaire-Rathdown 05/127";983;61;10;0;25;82;1161
"Dún Laoghaire-Rathdown 05/128";731;44;30;20;21;58;904
"Dún Laoghaire-Rathdown 05/129";828;41;0;6;14;22;911
"Dún Laoghaire-Rathdown 05/130";610;60;6;0;29;95;800
"Dún Laoghaire-Rathdown 05/131";941;49;7;0;13;25;1035
"Dún Laoghaire-Rathdown 05/132";1021;68;2;2;11;60;1164
"Dún Laoghaire-Rathdown 05/133";662;67;9;0;17;41;796
"Dún Laoghaire-Rathdown 05/134";823;44;3;0;12;22;904
"Dún Laoghaire-Rathdown 05/135";842;49;3;0;5;58;957
"Dún Laoghaire-Rathdown 05/136";869;47;0;0;15;30;961
"Dún Laoghaire-Rathdown 05/137";981;54;4;0;8;27;1074
"Dún Laoghaire-Rathdown 05/138";825;43;3;3;2;48;924
"Dún Laoghaire-Rathdown 05/139";861;34;7;4;7;44;957
"Dún Laoghaire-Rathdown 05/140";830;49;5;0;11;55;950
"Dún Laoghaire-Rathdown 05/141";866;40;5;1;6;32;950
"Dún Laoghaire-Rathdown 05/142";808;30;1;6;9;26;880
"Dún Laoghaire-Rathdown 05/143";790;38;5;4;12;38;887
"Dún Laoghaire-Rathdown 05/144";816;58;2;0;19;44;939
"Dún Laoghaire-Rathdown 05/145";812;36;14;0;15;39;916
"Dún Laoghaire-Rathdown 05/146";821;56;3;2;14;41;937
"Dún Laoghaire-Rathdown 05/147";829;44;11;0;22;50;956
"Dún Laoghaire-Rathdown 05/148";881;27;0;0;11;36;955
"Dún Laoghaire-Rathdown 05/149";626;19;0;2;5;23;675
"Dún Laoghaire-Rathdown 05/150";874;45;9;0;19;50;997
"Dún Laoghaire-Rathdown 05/151";770;37;2;10;8;22;849
"Dún Laoghaire-Rathdown 05/152";1022;50;3;4;8;22;1109
"Dún Laoghaire-Rathdown 05/153";814;49;1;0;10;36;910
"Dún Laoghaire-Rathdown 05/154";909;51;0;3;11;22;996
"Dún Laoghaire-Rathdown 05/155";830;51;2;0;20;32;935
"Dún Laoghaire-Rathdown 05/156";795;48;1;0;7;26;877
"Dún Laoghaire-Rathdown 05/157";739;36;1;8;11;42;837
"Dún Laoghaire-Rathdown 05/158";552;26;5;1;11;39;634
"Dún Laoghaire-Rathdown 05/159";718;51;4;0;28;41;842
"Dún Laoghaire-Rathdown 05/160";824;44;8;1;30;24;931
"Dún Laoghaire-Rathdown 05/161";744;32;2;0;13;36;827
"Dún Laoghaire-Rathdown 05/162";797;42;3;0;23;40;905
"Dún Laoghaire-Rathdown 05/163";904;59;20;1;49;54;1087
"Dún Laoghaire-Rathdown 05/164";661;40;6;2;34;93;836
"Dún Laoghaire-Rathdown 05/165";611;33;9;3;25;44;725
"Dún Laoghaire-Rathdown 05/166";790;40;1;0;39;111;981
"Dún Laoghaire-Rathdown 05/167";743;48;4;0;27;68;890
"Dún Laoghaire-Rathdown 05/168";864;98;8;0;11;32;1013
"Dún Laoghaire-Rathdown 05/169";810;42;0;0;4;15;871
"Dún Laoghaire-Rathdown 05/170";635;48;18;6;10;22;739
"Dún Laoghaire-Rathdown 05/173";976;39;4;0;3;24;1046
"Dún Laoghaire-Rathdown 05/174";951;53;6;7;17;59;1093
"Dún Laoghaire-Rathdown 05/175";625;70;14;2;41;89;841
"Dún Laoghaire-Rathdown 05/176";775;51;10;3;30;69;938
"Dún Laoghaire-Rathdown 05/177, 05/178";1542;121;10;0;61;210;1944
"Dún Laoghaire-Rathdown 05/179";814;51;1;0;21;44;931
"Dún Laoghaire-Rathdown 05/180";562;64;28;0;32;98;784
"Dún Laoghaire-Rathdown 05/181";233;17;14;0;15;22;301
"Dún Laoghaire-Rathdown 05/182";532;49;4;0;33;53;671
"Dún Laoghaire-Rathdown 05/184";871;86;5;0;17;77;1056
"Dún Laoghaire-Rathdown 05/185";986;64;7;0;17;71;1145
"Dún Laoghaire-Rathdown 05/186";863;65;5;6;21;32;992
"Dún Laoghaire-Rathdown 05/187";822;46;5;0;7;24;904
"Dún Laoghaire-Rathdown 05/188";823;59;7;2;37;75;1003
"Dún Laoghaire-Rathdown 05/189";937;66;10;0;27;117;1157
"Dún Laoghaire-Rathdown 05/190";961;67;0;8;27;61;1124
"Dún Laoghaire-Rathdown 05/191";1041;83;13;0;37;83;1257
"Dún Laoghaire-Rathdown 05/192";768;44;5;0;18;44;879
"Dún Laoghaire-Rathdown 05/193";517;57;7;0;26;48;655
"Dún Laoghaire-Rathdown 05/194";820;48;4;0;5;34;911
"Dún Laoghaire-Rathdown 05/196";355;41;1;0;12;21;430
"Dún Laoghaire-Rathdown 05/197";333;68;25;6;39;84;555
"Dún Laoghaire-Rathdown 05/198";794;74;49;10;37;64;1028
"Dún Laoghaire-Rathdown 05/200";346;40;10;1;9;39;445
"Dún Laoghaire-Rathdown 05/201";571;49;16;6;28;55;725
"Dún Laoghaire-Rathdown 05/202";432;38;33;14;47;81;645
"Dún Laoghaire-Rathdown 05/203";589;54;17;1;22;33;716
"Dún Laoghaire-Rathdown 05/204";826;88;14;0;37;55;1020
"Dún Laoghaire-Rathdown 05/205";679;57;2;0;15;56;809
"Cork City and Suburbs  ";157864;7731;4078;768;4174;7369;181984
"Cork City 17 ";101895;4772;2630;381;3159;4385;117222
"Cork City 17/001";710;33;1;0;5;26;775
"Cork City 17/002";690;30;16;0;12;15;763
"Cork City 17/003";684;27;20;0;10;43;784
"Cork City 17/004";537;35;32;9;20;144;777
"Cork City 17/005";792;21;30;4;22;41;910
"Cork City 17/006, 17/008";1704;55;3;0;11;20;1793
"Cork City 17/009";965;36;8;0;0;11;1020
"Cork City 17/010";777;24;15;5;4;15;840
"Cork City 17/011";825;26;0;0;2;8;861
"Cork City 17/012";833;30;5;0;4;5;877
"Cork City 17/013";1017;44;31;3;29;51;1175
"Cork City 17/014";706;30;39;11;21;62;869
"Cork City 17/015, 17/124";1626;77;53;15;31;74;1876
"Cork City 17/016";920;61;4;3;19;20;1027
"Cork City 17/017";746;31;5;11;4;12;809
"Cork City 17/018";779;35;16;0;4;4;838
"Cork City 17/019";714;22;8;0;7;7;758
"Cork City 17/020";871;45;8;6;10;30;970
"Cork City 17/021";740;46;24;10;30;47;897
"Cork City 17/022";1039;28;9;0;21;24;1121
"Cork City 17/023";910;26;4;0;11;24;975
"Cork City 17/024";1076;66;20;2;43;61;1268
"Cork City 17/025";900;67;0;2;7;10;986
"Cork City 17/026";1001;62;4;0;19;35;1121
"Cork City 17/027";997;56;0;0;5;20;1078
"Cork City 17/028";687;47;9;0;11;28;782
"Cork City 17/029";684;42;13;1;13;22;775
"Cork City 17/030";1076;61;13;2;17;21;1190
"Cork City 17/031";951;72;29;2;29;69;1152
"Cork City 17/032";891;41;10;1;18;35;996
"Cork City 17/033";835;27;11;0;14;24;911
"Cork City 17/034";661;53;15;0;34;30;793
"Cork City 17/035";494;49;34;3;51;39;670
"Cork City 17/036";695;28;10;0;11;49;793
"Cork City 17/037";909;63;38;10;55;61;1136
"Cork City 17/038";579;21;22;6;20;25;673
"Cork City 17/039";620;17;3;4;3;15;662
"Cork City 17/040";481;30;31;4;40;36;622
"Cork City 17/041";502;34;64;11;55;37;703
"Cork City 17/042";615;12;6;5;8;9;655
"Cork City 17/043";669;19;4;0;4;3;699
"Cork City 17/044";1047;25;5;0;0;12;1089
"Cork City 17/045";785;23;0;0;6;6;820
"Cork City 17/046";726;23;20;1;12;12;794
"Cork City 17/047";881;38;12;1;15;17;964
"Cork City 17/048";797;34;33;0;25;26;915
"Cork City 17/049";635;32;25;1;33;40;766
"Cork City 17/050";683;14;0;0;3;11;711
"Cork City 17/051";614;18;18;6;4;11;671
"Cork City 17/052";638;29;32;1;5;21;726
"Cork City 17/053";595;24;16;0;15;27;677
"Cork City 17/054";649;24;7;2;17;35;734
"Cork City 17/055";451;17;7;0;8;19;502
"Cork City 17/056,17/007";1315;66;9;6;21;99;1516
"Cork City 17/057";1161;33;23;4;6;32;1259
"Cork City 17/058";970;44;3;0;15;39;1071
"Cork City 17/059";688;32;13;0;12;46;791
"Cork City 17/060";849;32;17;0;15;18;931
"Cork City 17/061";945;55;27;0;5;4;1036
"Cork City 17/062";814;24;13;0;35;32;918
"Cork City 17/063";1070;54;9;0;7;24;1164
"Cork City 17/064";667;36;8;0;15;26;752
"Cork City 17/065";354;27;28;3;31;71;514
"Cork City 17/066";928;49;16;3;42;61;1099
"Cork City 17/067";512;45;8;1;34;61;661
"Cork City 17/068";453;38;24;14;43;58;630
"Cork City 17/069";412;84;71;10;158;140;875
"Cork City 17/070";438;38;65;8;124;96;769
"Cork City 17/071";496;45;60;5;107;121;834
"Cork City 17/072";338;37;18;5;37;54;489
"Cork City 17/073";663;66;23;4;20;29;805
"Cork City 17/074";624;50;19;0;59;47;799
"Cork City 17/075";903;38;9;4;1;9;964
"Cork City 17/076";1175;47;17;0;4;9;1252
"Cork City 17/077";1057;28;1;0;0;0;1086
"Cork City 17/078";1024;28;0;0;0;1;1053
"Cork City 17/079";1122;31;0;0;1;1;1155
"Cork City 17/080";797;19;0;0;1;4;821
"Cork City 17/081";953;12;3;0;0;10;978
"Cork City 17/082";913;23;2;0;3;3;944
"Cork City 17/083";743;25;8;0;7;4;787
"Cork City 17/084";639;28;15;1;10;16;709
"Cork City 17/085";711;19;18;6;14;18;786
"Cork City 17/086";788;15;7;0;1;4;815
"Cork City 17/087";812;21;0;4;11;3;851
"Cork City 17/088";801;16;1;0;3;8;829
"Cork City 17/089";668;20;9;0;3;7;707
"Cork City 17/090";890;17;8;0;0;5;920
"Cork City 17/091";676;21;42;5;32;14;790
"Cork City 17/092";541;19;45;5;43;48;701
"Cork City 17/093";649;52;73;0;109;65;948
"Cork City 17/094";465;14;23;4;28;32;566
"Cork City 17/095";626;36;39;14;36;58;809
"Cork City 17/096";399;28;73;14;124;67;705
"Cork City 17/097";387;40;68;8;66;92;661
"Cork City 17/098";597;49;25;12;38;69;790
"Cork City 17/099";592;48;54;3;45;54;796
"Cork City 17/100";188;26;57;2;49;64;386
"Cork City 17/101";468;29;18;2;20;20;557
"Cork City 17/102";582;41;29;0;35;17;704
"Cork City 17/103";594;35;14;2;30;33;708
"Cork City 17/104";399;41;56;9;69;53;627
"Cork City 17/105";1394;60;24;1;19;33;1531
"Cork City 17/106";1010;34;0;3;10;14;1071
"Cork City 17/107";954;33;7;0;23;36;1053
"Cork City 17/108";889;33;6;0;15;27;970
"Cork City 17/109";819;51;22;0;5;21;918
"Cork City 17/110";673;45;4;0;2;5;729
"Cork City 17/111";1111;72;0;0;1;13;1197
"Cork City 17/112";902;44;5;0;10;13;974
"Cork City 17/113";913;52;5;2;16;16;1004
"Cork City 17/114";945;50;7;0;4;7;1013
"Cork City 17/115";1093;28;16;9;11;19;1176
"Cork City 17/116";1124;45;5;4;5;31;1214
"Cork City 17/117";988;23;9;0;1;3;1024
"Cork City 17/118";662;50;45;6;33;22;818
"Cork City 17/119";658;19;36;9;9;78;809
"Cork City 17/120";798;18;2;0;0;2;820
"Cork City 17/121";981;34;0;0;4;2;1021
"Cork City 17/122";996;29;11;2;21;14;1073
"Cork City 17/123";514;17;55;5;24;81;696
"Cork City 17/125";891;33;5;0;15;32;976
"Cork City 17/126";691;22;1;0;11;17;742
"Cork City 17/127";1085;50;5;3;20;66;1229
"Cork City 17/128";456;25;73;1;90;69;714
"Cork City 17/129";646;51;14;1;15;37;764
"Cork City 17/130";950;32;25;6;4;14;1031
"Cork City 17/131";527;52;11;5;41;36;672
"Cork City 17/132";450;26;33;17;44;79;649
"Cork City 17/133";545;33;36;4;64;27;709
"Cork City 17/134";457;31;147;3;155;84;877
"Cork City 17/135";508;29;11;0;41;92;681
"Cork Suburbs 18 ";55969;2959;1448;387;1015;2984;64762
"Cork Suburbs 18/184";909;47;1;0;5;18;980
"Cork Suburbs 18/185";801;59;9;11;21;59;960
"Cork Suburbs 18/186";948;54;48;20;14;38;1122
"Cork Suburbs 18/187";961;59;13;5;7;37;1082
"Cork Suburbs 18/188";874;59;45;7;20;64;1069
"Cork Suburbs 18/189";933;82;21;7;25;36;1104
"Cork Suburbs 18/190";1108;85;6;2;6;41;1248
"Cork Suburbs 18/191";1030;73;33;10;57;88;1291
"Cork Suburbs 18/192";778;53;13;0;19;37;900
"Cork Suburbs 18/193";999;59;22;10;8;28;1126
"Cork Suburbs 18/194";1028;60;24;7;15;34;1168
"Cork Suburbs 18/196";772;49;32;16;22;77;968
"Cork Suburbs 18/197";1064;47;9;3;7;29;1159
"Cork Suburbs 18/198";966;37;38;0;16;33;1090
"Cork Suburbs 18/199";714;32;9;6;20;41;822
"Cork Suburbs 18/200";604;46;17;8;28;71;774
"Cork Suburbs 18/201";1088;42;6;5;11;24;1176
"Cork Suburbs 18/202";972;54;8;0;15;22;1071
"Cork Suburbs 18/203";1225;70;11;3;8;40;1357
"Cork Suburbs 18/204";980;50;14;5;23;51;1123
"Cork Suburbs 18/205";1018;62;7;2;25;32;1146
"Cork Suburbs 18/206";926;30;0;0;7;25;988
"Cork Suburbs 18/207";859;35;46;7;17;67;1031
"Cork Suburbs 18/208";592;25;53;16;33;119;838
"Cork Suburbs 18/210";918;30;13;0;12;22;995
"Cork Suburbs 18/211";889;46;35;19;24;45;1058
"Cork Suburbs 18/212";1021;47;15;5;20;30;1138
"Cork Suburbs 18/213";909;33;32;6;15;74;1069
"Cork Suburbs 18/214";911;58;45;6;23;69;1112
"Cork Suburbs 18/215";950;37;50;3;32;215;1287
"Cork Suburbs 18/220";918;47;109;6;20;100;1200
"Cork Suburbs 18/222";1061;51;26;1;7;22;1168
"Cork Suburbs 18/223";1176;65;20;15;5;61;1342
"Cork Suburbs 18/225";743;37;21;3;10;18;832
"Cork Suburbs 18/226";1133;36;4;5;3;15;1196
"Cork Suburbs 18/227";1159;58;13;0;7;19;1256
"Cork Suburbs 18/228";1092;39;7;7;7;13;1165
"Cork Suburbs 18/229";1047;42;8;1;3;12;1113
"Cork Suburbs 18/230";1150;43;7;0;16;32;1248
"Cork Suburbs 18/296";943;41;4;1;15;39;1043
"Cork Suburbs 18/297";903;60;27;20;22;61;1093
"Cork Suburbs 18/298";864;36;22;10;15;43;990
"Cork Suburbs 18/299";1139;50;7;0;12;60;1268
"Cork Suburbs 18/300";892;62;18;0;13;79;1064
"Cork Suburbs 18/301";740;41;30;14;21;99;945
"Cork Suburbs 18/303";1143;62;24;0;5;21;1255
"Cork Suburbs 18/304";1028;51;24;10;17;56;1186
"Cork Suburbs 18/306";1043;53;16;1;12;19;1144
"Cork Suburbs 18/308";1219;46;15;6;12;24;1322
"Cork Suburbs 18/316";854;54;10;5;4;22;949
"Cork Suburbs 18/317";618;19;79;5;21;67;809
"Cork Suburbs 18/322";967;60;25;3;13;52;1120
"Cork Suburbs 18/339";748;37;41;4;25;54;909
"Cork Suburbs 18/340";402;30;61;9;39;111;652
"Cork Suburbs 18/341";614;42;48;32;26;67;829
"Cork Suburbs 18/343";577;39;28;11;19;32;706
"Cork Suburbs 18/344";604;41;28;19;22;60;774
"Cork Suburbs 18/345";962;71;17;0;28;65;1143
"Cork Suburbs 18/346";432;41;15;3;28;54;573
"Cork Suburbs 18/347";878;43;18;3;9;28;979
"Cork Suburbs 18/348";1173;42;1;4;4;13;1237
"Limerick City and Suburbs  ";73048;3655;2582;439;2055;3952;85731
"Limerick City 20 ";44824;2030;1569;236;1256;1971;51886
"Limerick City 20/001";920;84;7;4;26;51;1092
"Limerick City 20/002";769;41;0;0;16;16;842
"Limerick City 20/003";922;29;4;4;8;14;981
"Limerick City 20/004";675;36;60;11;81;41;904
"Limerick City 20/005";412;12;91;18;74;117;724
"Limerick City 20/006";957;52;23;1;29;26;1088
"Limerick City 20/007";699;28;4;0;7;15;753
"Limerick City 20/008";848;48;5;0;9;21;931
"Limerick City 20/009";911;38;10;1;3;12;975
"Limerick City 20/010";737;25;0;0;15;5;782
"Limerick City 20/011";759;31;0;2;8;8;808
"Limerick City 20/013, 20/012";1372;59;187;24;85;116;1843
"Limerick City 20/014";643;38;55;9;47;66;858
"Limerick City 20/015";688;23;0;0;1;6;718
"Limerick City 20/016";884;26;0;0;3;4;917
"Limerick City 20/017";524;41;0;0;0;1;566
"Limerick City 20/018";728;42;4;5;4;3;786
"Limerick City 20/019";547;40;1;0;0;4;592
"Limerick City 20/020";923;31;0;0;1;0;955
"Limerick City 20/021";704;23;0;0;2;7;736
"Limerick City 20/022";749;24;0;0;0;0;773
"Limerick City 20/023";839;14;5;0;1;3;862
"Limerick City 20/024";491;16;3;0;10;32;552
"Limerick City 20/025";527;22;116;13;59;98;835
"Limerick City 20/026";737;32;20;2;18;41;850
"Limerick City 20/027";872;24;0;0;1;6;903
"Limerick City 20/028";818;25;1;0;2;15;861
"Limerick City 20/029";699;53;31;6;21;15;825
"Limerick City 20/030";854;19;4;1;15;15;908
"Limerick City 20/031";939;36;14;1;24;120;1134
"Limerick City 20/032";216;26;85;18;46;97;488
"Limerick City 20/033";260;22;42;3;30;56;413
"Limerick City 20/034";807;36;28;13;33;43;960
"Limerick City 20/035";996;54;19;1;12;31;1113
"Limerick City 20/036, 20/037";1684;64;17;4;21;41;1831
"Limerick City 20/038";911;37;5;1;8;19;981
"Limerick City 20/039";1006;45;11;0;20;22;1104
"Limerick City 20/040";755;37;28;3;21;50;894
"Limerick City 20/041, 20/042";1446;47;8;2;39;27;1569
"Limerick City 20/043";852;31;0;0;0;12;895
"Limerick City 20/044";810;27;0;0;2;5;844
"Limerick City 20/045";837;41;11;0;2;11;902
"Limerick City 20/046";837;47;0;0;1;7;892
"Limerick City 20/047";748;57;5;0;2;4;816
"Limerick City 20/048";935;27;0;0;1;3;966
"Limerick City 20/049";861;30;0;0;2;8;901
"Limerick City 20/050";625;22;84;11;43;35;820
"Limerick City 20/051";667;36;31;5;10;62;811
"Limerick City 20/052";894;61;19;2;52;47;1075
"Limerick City 20/053";1069;45;4;0;8;30;1156
"Limerick City 20/054";1196;53;5;2;11;15;1282
"Limerick City 20/055";816;31;35;0;31;27;940
"Limerick City 20/056";412;31;34;8;54;145;684
"Limerick City 20/057";770;24;37;2;9;14;856
"Limerick City 20/058";262;25;289;38;167;196;977
"Limerick City 20/059";788;49;5;0;13;17;872
"Limerick City 20/060";217;13;122;21;48;69;490
"Limerick Suburbs 21 ";28224;1625;1013;203;799;1981;33845
"Limerick Suburbs 21/080";860;67;1;0;2;6;936
"Limerick Suburbs 21/081";970;40;6;1;9;13;1039
"Limerick Suburbs 21/082";944;62;0;1;7;31;1045
"Limerick Suburbs 21/083";781;47;13;8;6;39;894
"Limerick Suburbs 21/084";717;38;8;2;17;28;810
"Limerick Suburbs 21/086";706;25;43;4;16;60;854
"Limerick Suburbs 21/087";1088;56;22;6;10;65;1247
"Limerick Suburbs 21/088";870;65;28;15;32;64;1074
"Limerick Suburbs 21/089";1011;69;19;2;22;49;1172
"Limerick Suburbs 21/090";928;44;35;14;15;54;1090
"Limerick Suburbs 21/091";774;40;47;17;32;82;992
"Limerick Suburbs 21/092";661;63;47;2;19;98;890
"Limerick Suburbs 21/093";780;45;42;9;14;38;928
"Limerick Suburbs 21/097";1120;61;26;3;13;41;1264
"Limerick Suburbs 21/098";1115;66;6;0;16;49;1252
"Limerick Suburbs 21/099";844;31;25;1;22;40;963
"Limerick Suburbs 21/113";781;56;27;18;36;84;1002
"Limerick Suburbs 21/114";582;19;34;7;33;34;709
"Limerick Suburbs 21/115";1100;35;27;0;31;53;1246
"Limerick Suburbs 21/117";780;40;68;5;35;67;995
"Limerick Suburbs 21/119";752;47;59;19;33;161;1071
"Limerick Suburbs 21/120";725;52;13;1;22;76;889
"Limerick Suburbs 21/123";622;40;13;2;4;14;695
"Limerick Suburbs 21/124";655;28;26;2;11;20;742
"Limerick Suburbs 21/125";735;33;37;5;30;56;896
"Limerick Suburbs 21/126";584;37;137;11;55;231;1055
"Limerick Suburbs 21/127";710;39;19;14;30;51;863
"Limerick Suburbs 21/128";500;33;3;0;4;40;580
"Limerick Suburbs 21/129";706;50;62;18;33;74;943
"Limerick Suburbs 21/130";454;44;4;2;8;31;543
"Limerick Suburbs 21/131";733;31;76;6;53;72;971
"Limerick Suburbs 21/132";392;30;16;5;32;32;507
"Limerick Suburbs 21/133";289;15;14;2;15;32;367
"Limerick Suburbs in Clare 16/066";508;28;0;0;5;8;549
"Limerick Suburbs in Clare 16/068";880;61;1;0;29;27;998
"Limerick Suburbs in Clare 16/100";602;32;9;1;30;35;709
"Limerick Suburbs in Clare 16/113";965;56;0;0;18;26;1065
"Waterford City and Suburbs  ";41598;2475;699;194;931;2111;48008
"Waterford City 24 ";39075;2299;661;184;872;2018;45109
"Waterford City 24/001";860;37;8;0;12;18;935
"Waterford City 24/002";933;26;9;0;1;19;988
"Waterford City 24/003";914;27;0;2;4;7;954
"Waterford City 24/005";1008;63;4;1;1;21;1098
"Waterford City 24/006, 24/004";2078;123;42;5;18;88;2354
"Waterford City 24/007";627;21;20;14;18;15;715
"Waterford City 24/008";1164;70;4;2;9;45;1294
"Waterford City 24/009";1019;79;10;6;19;64;1197
"Waterford City 24/010";857;86;2;0;4;28;977
"Waterford City 24/011";901;40;5;4;17;84;1051
"Waterford City 24/012";1023;64;5;0;9;15;1116
"Waterford City 24/013";954;72;4;4;8;34;1076
"Waterford City 24/014";958;68;9;2;13;44;1094
"Waterford City 24/015";677;26;7;0;26;11;747
"Waterford City 24/016";577;36;56;13;30;54;766
"Waterford City 24/018, 24/017";1160;98;111;31;125;170;1695
"Waterford City 24/019";742;30;7;0;0;3;782
"Waterford City 24/020";979;37;12;0;3;4;1035
"Waterford City 24/021";969;39;7;1;7;4;1027
"Waterford City 24/022";976;56;14;6;9;16;1077
"Waterford City 24/023";828;32;5;1;12;14;892
"Waterford City 24/024";714;31;5;0;13;20;783
"Waterford City 24/025";301;25;14;6;44;126;516
"Waterford City 24/026";586;22;20;6;26;49;709
"Waterford City 24/027";512;39;33;4;24;33;645
"Waterford City 24/029, 24/028";1779;86;46;6;44;60;2021
"Waterford City 24/030";929;51;0;0;10;21;1011
"Waterford City 24/031";895;74;1;3;25;42;1040
"Waterford City 24/032";697;44;2;5;31;50;829
"Waterford City 24/033";790;61;6;3;43;84;987
"Waterford City 24/034";638;56;5;1;7;39;746
"Waterford City 24/035";911;105;5;5;12;71;1109
"Waterford City 24/036";769;23;0;4;3;5;804
"Waterford City 24/037";893;61;9;3;32;70;1068
"Waterford City 24/038";580;55;28;10;37;122;832
"Waterford City 24/039";879;41;13;0;29;133;1095
"Waterford City 24/040";846;35;10;1;7;10;909
"Waterford City 24/041";781;23;0;0;8;17;829
"Waterford City 24/042";731;27;22;0;23;13;816
"Waterford City 24/043";508;33;8;2;5;20;576
"Waterford City 24/044";657;28;3;11;17;27;743
"Waterford City 24/045";827;41;5;0;2;15;890
"Waterford City 24/046";596;26;25;11;11;43;712
"Waterford City 24/047";385;32;57;6;57;89;626
"Waterford City 24/048";808;93;0;3;11;76;991
"Waterford City 24/049";859;57;3;2;6;25;952
"Waterford Suburbs 07 ";2523;176;38;10;59;93;2899
"Waterford Suburbs in Kilkenny 07/048";1056;87;5;7;17;32;1204
"Waterford Suburbs in Kilkenny 07/086";699;52;26;0;28;42;847
"Waterford Suburbs in Kilkenny 07/087";768;37;7;3;14;19;848
"Galway City and Suburbs  ";54688;4541;2522;544;2529;4983;69807
"Galway City 26 ";54688;4541;2522;544;2529;4983;69807
"Galway City 26/001";1118;90;28;4;16;33;1289
"Galway City 26/002";1078;113;49;3;12;68;1323
"Galway City 26/003";769;59;31;9;29;39;936
"Galway City 26/004";794;58;114;28;35;56;1085
"Galway City 26/005";1113;85;0;12;12;65;1287
"Galway City 26/006";660;58;105;55;94;123;1095
"Galway City 26/007";661;44;78;24;59;78;944
"Galway City 26/008";564;52;52;6;48;32;754
"Galway City 26/009";934;42;47;16;33;55;1127
"Galway City 26/010, 26/013";1493;91;113;24;64;69;1854
"Galway City 26/011";571;35;17;2;6;14;645
"Galway City 26/012";739;49;40;1;22;26;877
"Galway City 26/014";681;63;67;13;17;58;899
"Galway City 26/015";701;65;18;4;10;31;829
"Galway City 26/016";857;67;23;0;11;29;987
"Galway City 26/017";932;52;25;0;52;34;1095
"Galway City 26/018";708;67;63;2;121;127;1088
"Galway City 26/019";650;60;30;3;48;22;813
"Galway City 26/020";650;46;28;2;58;48;832
"Galway City 26/021";619;56;40;2;69;80;866
"Galway City 26/022";728;56;18;0;36;31;869
"Galway City 26/023";546;32;12;0;40;33;663
"Galway City 26/024";611;50;6;0;10;13;690
"Galway City 26/025";699;30;24;0;27;44;824
"Galway City 26/026";550;49;8;2;54;43;706
"Galway City 26/027";566;40;35;9;60;48;758
"Galway City 26/028";701;55;9;0;15;50;830
"Galway City 26/029";530;47;62;6;25;84;754
"Galway City 26/030";726;32;6;3;15;35;817
"Galway City 26/031";1102;64;32;2;18;53;1271
"Galway City 26/032";766;45;6;0;6;13;836
"Galway City 26/033";777;49;12;1;11;56;906
"Galway City 26/034";764;53;6;3;20;36;882
"Galway City 26/035";774;45;32;0;37;68;956
"Galway City 26/036";744;67;28;0;23;31;893
"Galway City 26/037";717;80;31;0;16;56;900
"Galway City 26/038";723;97;13;2;26;54;915
"Galway City 26/040";854;63;18;9;38;45;1027
"Galway City 26/041, 26/039";1280;90;55;3;57;86;1571
"Galway City 26/042";444;44;51;5;63;184;791
"Galway City 26/043";776;72;81;8;66;99;1102
"Galway City 26/044";934;62;14;4;27;83;1124
"Galway City 26/045";817;100;11;4;34;86;1052
"Galway City 26/046";751;64;10;6;24;69;924
"Galway City 26/047";722;121;2;12;30;63;950
"Galway City 26/048";844;68;1;6;9;50;978
"Galway City 26/049";740;67;53;5;17;103;985
"Galway City 26/050";847;101;76;13;55;85;1177
"Galway City 26/051";832;100;31;2;67;154;1186
"Galway City 26/052, 26/065";892;57;43;4;40;60;1096
"Galway City 26/053";694;71;59;4;53;111;992
"Galway City 26/054";738;44;25;1;11;60;879
"Galway City 26/055";690;91;13;21;55;136;1006
"Galway City 26/056";596;54;42;20;68;124;904
"Galway City 26/057";857;69;4;0;13;49;992
"Galway City 26/058";653;67;16;0;14;60;810
"Galway City 26/059";729;59;1;0;11;12;812
"Galway City 26/060";667;32;38;12;51;80;880
"Galway City 26/061";1122;53;23;0;6;33;1237
"Galway City 26/062";733;76;10;8;45;91;963
"Galway City 26/063";602;81;123;19;26;72;923
"Galway City 26/064";691;44;14;11;13;63;836
"Galway City 26/066";866;60;28;2;33;46;1035
"Galway City 26/067";481;43;26;4;47;75;676
"Galway City 26/068";507;70;55;23;72;77;804
"Galway City 26/069";449;48;6;2;16;54;575
"Galway City 26/070";845;82;16;2;27;95;1067
"Galway City 26/071";658;91;8;0;33;82;872
"Galway City 26/072";717;72;11;19;18;109;946
"Galway City 26/073";470;33;100;25;31;219;878
"Galway City 26/074";535;51;103;15;48;132;884
"Galway City 26/075";545;37;31;28;32;118;791
"Galway City 26/076";794;61;16;9;24;83;987
