"Theme 2 - 3 : Usually resident population by ethnic or cultural background, 2006";;;;;;;;
"Geographic Area";"White Irish";"White Irish Traveller";"Any other White background";"Black or Black Irish";"Asian or Asian Irish";"Other";"Not stated";"Total"
"Dublin City and Suburbs  ";831591;3787;81532;17518;28311;15191;25334;1003264
"Dublin City 02  ";399384;1812;45353;5526;16436;7212;15832;491555
"Dublin City 02/001";1141;247;25;10;3;1;12;1439
"Dublin City 02/002";990;11;10;1;3;2;14;1031
"Dublin City 02/003";975;0;6;0;0;5;8;994
"Dublin City 02/004";763;4;20;0;8;3;17;815
"Dublin City 02/005";719;14;26;4;6;1;33;803
"Dublin City 02/006";950;0;14;9;1;15;18;1007
"Dublin City 02/007";884;2;29;4;9;7;74;1009
"Dublin City 02/008";999;12;22;8;0;4;22;1067
"Dublin City 02/009";1049;10;31;1;3;9;10;1113
"Dublin City 02/010";896;0;33;4;3;10;9;955
"Dublin City 02/011";821;1;37;1;1;4;18;883
"Dublin City 02/012";871;0;55;1;7;1;6;941
"Dublin City 02/013";873;0;36;2;3;4;11;929
"Dublin City 02/014";952;0;42;0;11;4;3;1012
"Dublin City 02/015";1083;0;25;6;7;5;5;1131
"Dublin City 02/016";845;0;35;0;9;5;35;929
"Dublin City 02/017";1245;4;9;0;0;3;25;1286
"Dublin City 02/018";907;0;11;1;0;7;73;999
"Dublin City 02/019";946;1;8;12;2;3;41;1013
"Dublin City 02/020";487;8;147;11;20;25;22;720
"Dublin City 02/021";1035;2;123;7;21;6;16;1210
"Dublin City 02/022";1209;0;16;5;1;3;33;1267
"Dublin City 02/023";1115;0;14;0;4;0;28;1161
"Dublin City 02/024";536;270;198;25;36;18;109;1192
"Dublin City 02/025";284;2;3;3;0;1;8;301
"Dublin City 02/026";777;0;38;0;19;8;31;873
"Dublin City 02/027";801;0;17;0;11;7;10;846
"Dublin City 02/028";815;0;45;4;15;14;18;911
"Dublin City 02/029";861;0;33;2;1;3;8;908
"Dublin City 02/030";881;8;48;3;13;5;24;982
"Dublin City 02/031";765;1;28;2;2;3;5;806
"Dublin City 02/032";838;0;42;2;4;2;88;976
"Dublin City 02/033";996;0;25;0;10;6;5;1042
"Dublin City 02/034";1018;0;70;0;10;7;8;1113
"Dublin City 02/035";814;0;50;3;4;2;13;886
"Dublin City 02/036";866;0;40;1;5;6;21;939
"Dublin City 02/037";1135;0;44;20;5;9;17;1230
"Dublin City 02/038";873;0;15;0;1;1;12;902
"Dublin City 02/039";1074;8;14;1;0;9;4;1110
"Dublin City 02/040";951;0;16;2;0;2;13;984
"Dublin City 02/041";881;5;9;1;1;1;21;919
"Dublin City 02/042";1102;12;23;10;0;15;0;1162
"Dublin City 02/043";960;0;30;3;3;4;18;1018
"Dublin City 02/044";873;0;28;10;3;2;2;918
"Dublin City 02/045";733;0;16;1;0;6;27;783
"Dublin City 02/046";888;0;14;13;5;0;20;940
"Dublin City 02/047";842;0;13;16;4;4;2;881
"Dublin City 02/048";902;0;11;5;1;5;17;941
"Dublin City 02/049";912;2;12;3;0;5;22;956
"Dublin City 02/050";1177;3;10;23;0;7;39;1259
"Dublin City 02/051";1236;0;17;10;1;7;10;1281
"Dublin City 02/052";1503;4;116;47;8;14;63;1755
"Dublin City 02/053";1470;12;15;26;5;13;61;1602
"Dublin City 02/054";770;153;11;1;0;3;7;945
"Dublin City 02/055";806;0;14;5;3;2;3;833
"Dublin City 02/056";879;1;15;4;0;2;7;908
"Dublin City 02/057";791;0;64;24;14;6;59;958
"Dublin City 02/058";796;3;22;0;0;2;15;838
"Dublin City 02/059";901;0;35;11;6;5;7;965
"Dublin City 02/060";888;5;38;9;26;6;26;998
"Dublin City 02/061";781;0;14;3;29;4;14;845
"Dublin City 02/062";796;2;38;0;18;1;5;860
"Dublin City 02/063";930;9;89;31;130;27;17;1233
"Dublin City 02/064";781;0;34;2;56;8;41;922
"Dublin City 02/065";811;0;57;4;29;6;7;914
"Dublin City 02/066";466;6;71;13;12;8;18;594
"Dublin City 02/067";717;0;44;5;2;10;22;800
"Dublin City 02/068";462;0;124;5;23;25;19;658
"Dublin City 02/069";305;7;42;2;7;10;7;380
"Dublin City 02/070";790;0;10;8;0;1;5;814
"Dublin City 02/071";435;5;30;0;16;5;8;499
"Dublin City 02/072";865;2;3;9;7;3;4;893
"Dublin City 02/073";944;0;13;4;1;2;6;970
"Dublin City 02/074";918;1;9;2;5;6;32;973
"Dublin City 02/075";522;0;118;3;43;14;10;710
"Dublin City 02/076";502;0;111;9;15;10;4;651
"Dublin City 02/077";641;7;125;21;25;18;11;848
"Dublin City 02/078";640;0;27;0;24;7;8;706
"Dublin City 02/079";798;0;87;1;8;11;5;910
"Dublin City 02/080";470;17;76;15;6;15;19;618
"Dublin City 02/081";922;0;38;6;22;9;10;1007
"Dublin City 02/082";807;0;47;9;19;9;22;913
"Dublin City 02/083";809;2;23;6;18;9;20;887
"Dublin City 02/084";879;0;26;0;23;4;30;962
"Dublin City 02/085";881;4;19;9;4;2;20;939
"Dublin City 02/086";723;6;24;0;37;7;6;803
"Dublin City 02/087";949;2;46;6;27;4;10;1044
"Dublin City 02/088";653;0;33;5;20;6;10;727
"Dublin City 02/089";679;0;29;0;5;11;1;725
"Dublin City 02/090";715;0;22;4;19;10;3;773
"Dublin City 02/091";826;1;33;11;5;4;9;889
"Dublin City 02/092";826;0;26;0;8;14;12;886
"Dublin City 02/093";923;0;86;28;41;14;7;1099
"Dublin City 02/094";825;0;60;8;13;5;6;917
"Dublin City 02/095";975;0;41;17;9;20;17;1079
"Dublin City 02/096";784;0;40;1;2;3;19;849
"Dublin City 02/097";629;0;29;3;16;1;7;685
"Dublin City 02/098";625;0;37;4;3;5;5;679
"Dublin City 02/099";972;0;30;7;12;5;12;1038
"Dublin City 02/100";875;6;35;4;12;9;30;971
"Dublin City 02/101";869;0;24;11;11;11;9;935
"Dublin City 02/102";875;0;11;8;9;5;6;914
"Dublin City 02/103";792;0;38;1;1;6;10;848
"Dublin City 02/104";915;1;31;4;8;10;8;977
"Dublin City 02/105";862;0;30;1;13;8;10;924
"Dublin City 02/106";845;2;31;7;3;11;0;899
"Dublin City 02/107";725;0;60;3;12;8;1;809
"Dublin City 02/108, 02/560";1582;6;72;14;14;36;25;1749
"Dublin City 02/109";722;0;34;1;10;6;5;778
"Dublin City 02/110";751;0;30;1;12;9;8;811
"Dublin City 02/111";551;0;61;1;14;13;3;643
"Dublin City 02/112";686;0;55;3;27;14;5;790
"Dublin City 02/113";429;0;68;5;26;3;24;555
"Dublin City 02/114";401;0;43;3;11;5;8;471
"Dublin City 02/115";472;1;54;5;27;11;5;575
"Dublin City 02/116";566;0;26;1;19;7;5;624
"Dublin City 02/117";431;0;54;9;12;16;3;525
"Dublin City 02/118";560;0;33;3;4;8;3;611
"Dublin City 02/119";630;0;20;6;19;0;5;680
"Dublin City 02/120";691;0;36;1;15;6;11;760
"Dublin City 02/121";627;0;39;9;7;8;5;695
"Dublin City 02/122";851;0;21;0;5;0;3;880
"Dublin City 02/123";812;0;49;5;6;5;7;884
"Dublin City 02/124";756;0;25;0;3;8;8;800
"Dublin City 02/125";672;0;51;5;14;11;6;759
"Dublin City 02/126";1217;0;216;7;71;33;8;1552
"Dublin City 02/127";878;0;28;4;22;11;19;962
"Dublin City 02/128";442;0;68;3;4;11;2;530
"Dublin City 02/129";623;0;95;9;20;10;5;762
"Dublin City 02/130";466;0;44;9;23;6;10;558
"Dublin City 02/131";382;0;92;12;7;3;17;513
"Dublin City 02/132";376;0;51;6;33;9;10;485
"Dublin City 02/133";499;0;66;8;31;9;14;627
"Dublin City 02/134";463;0;60;7;10;10;4;554
"Dublin City 02/135";338;0;68;15;25;13;8;467
"Dublin City 02/136";284;0;64;7;31;3;12;401
"Dublin City 02/137";348;0;60;9;16;7;7;447
"Dublin City 02/138";324;0;67;5;16;10;9;431
"Dublin City 02/139";415;0;103;7;30;14;11;580
"Dublin City 02/140";261;0;81;6;27;17;9;401
"Dublin City 02/141";435;1;62;4;20;15;4;541
"Dublin City 02/142";714;0;38;1;16;12;8;789
"Dublin City 02/143";675;0;104;9;70;25;7;890
"Dublin City 02/144";434;0;86;1;121;7;7;656
"Dublin City 02/145";862;1;60;8;85;17;208;1241
"Dublin City 02/146";571;0;65;2;59;15;9;721
"Dublin City 02/147";574;0;83;3;45;12;4;721
"Dublin City 02/148";430;0;66;0;9;10;10;525
"Dublin City 02/149";438;0;123;5;26;8;19;619
"Dublin City 02/150";578;0;155;3;26;15;164;941
"Dublin City 02/151";415;1;107;5;27;17;47;619
"Dublin City 02/152";289;0;76;3;35;11;5;419
"Dublin City 02/153";182;0;66;5;27;9;8;297
"Dublin City 02/154";457;0;39;2;10;13;8;529
"Dublin City 02/155";640;0;74;7;25;7;26;779
"Dublin City 02/156";480;0;45;2;29;14;18;588
"Dublin City 02/157";543;0;68;0;17;7;7;642
"Dublin City 02/158";452;0;68;8;62;17;12;619
"Dublin City 02/159";604;1;66;2;26;8;67;774
"Dublin City 02/160";613;1;82;4;39;7;12;758
"Dublin City 02/161";448;0;71;8;28;11;2;568
"Dublin City 02/162";378;0;48;12;45;6;19;508
"Dublin City 02/163";510;0;54;3;34;13;20;634
"Dublin City 02/164";309;0;44;5;24;11;12;405
"Dublin City 02/165";232;0;65;6;52;9;40;404
"Dublin City 02/166";429;0;61;5;23;11;5;534
"Dublin City 02/167";404;0;90;1;21;24;9;549
"Dublin City 02/168";381;0;76;6;23;9;5;500
"Dublin City 02/169";382;0;115;9;64;10;26;606
"Dublin City 02/170";385;0;82;19;38;16;19;559
"Dublin City 02/171";424;0;82;7;40;7;11;571
"Dublin City 02/172";353;0;59;7;62;11;7;499
"Dublin City 02/173";383;0;46;0;23;8;14;474
"Dublin City 02/174";513;0;42;2;10;10;13;590
"Dublin City 02/175";329;0;40;5;16;2;1;393
"Dublin City 02/176";331;0;43;2;22;7;7;412
"Dublin City 02/177";352;0;60;5;25;4;3;449
"Dublin City 02/178";509;0;61;1;14;12;10;607
"Dublin City 02/179";664;0;45;1;9;13;2;734
"Dublin City 02/180";634;0;76;10;10;7;8;745
"Dublin City 02/181";596;0;61;2;7;10;20;696
"Dublin City 02/182";503;0;82;3;11;9;12;620
"Dublin City 02/183";273;0;92;10;40;13;8;436
"Dublin City 02/184";220;0;35;15;26;4;7;307
"Dublin City 02/185";340;0;98;6;17;11;25;497
"Dublin City 02/186";413;0;70;14;32;5;12;546
"Dublin City 02/187";474;0;66;3;9;5;20;577
"Dublin City 02/188";255;0;50;9;20;9;20;363
"Dublin City 02/189";346;0;44;7;20;11;15;443
"Dublin City 02/190";498;0;106;1;58;16;9;688
"Dublin City 02/191";361;0;86;14;38;18;15;532
"Dublin City 02/192";418;0;82;17;15;10;7;549
"Dublin City 02/193";307;0;81;19;36;16;20;479
"Dublin City 02/194";385;0;104;9;24;7;43;572
"Dublin City 02/195";312;0;156;11;60;21;25;585
"Dublin City 02/196";244;0;101;8;36;23;9;421
"Dublin City 02/197";415;0;100;5;23;16;16;575
"Dublin City 02/198";617;0;63;10;26;9;10;735
"Dublin City 02/199";295;0;216;28;80;30;33;682
"Dublin City 02/200";359;24;111;11;77;17;14;613
"Dublin City 02/201";295;0;127;17;25;28;35;527
"Dublin City 02/202";405;0;68;8;22;11;8;522
"Dublin City 02/203";477;0;89;13;11;20;9;619
"Dublin City 02/204";460;0;56;14;23;7;1;561
"Dublin City 02/205";367;0;123;8;29;17;6;550
"Dublin City 02/206";472;0;103;14;60;10;8;667
"Dublin City 02/207";556;0;87;11;14;16;83;767
"Dublin City 02/208";800;0;44;5;11;8;6;874
"Dublin City 02/209";587;0;98;5;18;17;17;742
"Dublin City 02/210";765;0;92;14;34;10;6;921
"Dublin City 02/211";750;0;55;10;23;3;16;857
"Dublin City 02/212";829;0;41;5;3;6;0;884
"Dublin City 02/213";662;0;5;7;5;3;3;685
"Dublin City 02/214";322;0;48;40;39;15;13;477
"Dublin City 02/215";598;0;83;24;20;16;6;747
"Dublin City 02/216";384;0;84;18;92;25;7;610
"Dublin City 02/217";502;0;47;8;36;6;15;614
"Dublin City 02/218";1091;3;35;14;19;19;186;1367
"Dublin City 02/219";764;0;121;14;45;9;22;975
"Dublin City 02/220";490;0;181;33;58;36;71;869
"Dublin City 02/221";191;0;94;10;31;17;25;368
"Dublin City 02/222";613;0;36;7;17;16;44;733
"Dublin City 02/223";501;1;43;13;15;5;29;607
"Dublin City 02/224";349;1;105;14;46;21;16;552
"Dublin City 02/225";383;0;196;15;71;39;6;710
"Dublin City 02/226";774;0;29;3;2;3;9;820
"Dublin City 02/227";510;1;40;4;8;13;22;598
"Dublin City 02/228";633;0;16;0;3;11;12;675
"Dublin City 02/229";581;0;29;0;10;7;31;658
"Dublin City 02/231";432;0;74;27;39;19;6;597
"Dublin City 02/232";470;2;70;14;52;15;152;775
"Dublin City 02/233";471;0;41;1;15;5;4;537
"Dublin City 02/234";349;0;120;13;90;19;20;611
"Dublin City 02/235";341;1;99;21;32;24;26;544
"Dublin City 02/236";396;0;75;17;78;18;53;637
"Dublin City 02/237";277;0;113;30;56;31;8;515
"Dublin City 02/238";344;0;88;12;68;35;12;559
"Dublin City 02/239";601;2;120;17;60;38;22;860
"Dublin City 02/240";525;0;117;40;135;27;22;866
"Dublin City 02/241";606;0;93;12;24;5;5;745
"Dublin City 02/242";442;2;47;1;18;14;9;533
"Dublin City 02/243";495;0;62;3;12;8;1;581
"Dublin City 02/244";341;3;82;7;62;14;6;515
"Dublin City 02/245";561;0;179;14;30;21;4;809
"Dublin City 02/246";446;5;33;6;2;8;15;515
"Dublin City 02/247";275;1;76;7;15;6;20;400
"Dublin City 02/248";294;10;242;21;111;42;26;746
"Dublin City 02/249";199;0;157;13;87;29;24;509
"Dublin City 02/250";219;0;151;5;100;13;10;498
"Dublin City 02/251";305;2;102;46;30;7;24;516
"Dublin City 02/252";407;3;105;24;35;20;20;614
"Dublin City 02/253";502;0;58;3;5;1;6;575
"Dublin City 02/254";328;3;11;0;0;5;0;347
"Dublin City 02/255";608;0;162;11;43;13;7;844
"Dublin City 02/256";507;6;119;45;101;49;27;854
"Dublin City 02/257";825;0;1;0;0;1;11;838
"Dublin City 02/258";391;3;164;39;75;22;27;721
"Dublin City 02/259";377;15;35;3;0;2;4;436
"Dublin City 02/260";373;0;54;11;42;6;16;502
"Dublin City 02/261";379;0;99;57;84;26;51;696
"Dublin City 02/262";779;0;81;4;11;9;9;893
"Dublin City 02/263";615;0;87;8;9;14;56;789
"Dublin City 02/264";561;0;61;3;26;9;7;667
"Dublin City 02/265";571;1;54;0;10;15;13;664
"Dublin City 02/266";484;0;60;1;11;10;9;575
"Dublin City 02/267";603;0;56;3;3;7;2;674
"Dublin City 02/268";1059;36;11;0;0;7;26;1139
"Dublin City 02/269";765;0;28;1;3;2;10;809
"Dublin City 02/270";667;0;30;0;12;9;20;738
"Dublin City 02/271";667;0;82;5;23;12;31;820
"Dublin City 02/272";603;0;76;2;29;4;12;726
"Dublin City 02/273";703;0;53;1;5;7;6;775
"Dublin City 02/274";584;0;76;2;20;10;23;715
"Dublin City 02/275";435;0;132;1;19;8;86;681
"Dublin City 02/276";218;0;85;0;20;9;6;338
"Dublin City 02/277";193;0;81;4;30;11;20;339
"Dublin City 02/278";310;0;86;0;16;6;159;577
"Dublin City 02/279";422;0;72;0;16;11;9;530
"Dublin City 02/280";275;0;81;1;24;21;14;416
"Dublin City 02/281";402;0;76;1;15;10;258;762
"Dublin City 02/282";198;0;71;1;22;11;17;320
"Dublin City 02/283";219;0;122;4;45;19;9;418
"Dublin City 02/284";522;0;109;9;29;6;93;768
"Dublin City 02/285";337;0;88;0;50;13;5;493
"Dublin City 02/286, 02/611";1166;35;263;11;60;35;43;1613
"Dublin City 02/287";334;0;127;3;32;17;8;521
"Dublin City 02/288";402;0;93;2;21;15;9;542
"Dublin City 02/289";814;0;34;2;7;10;4;871
"Dublin City 02/290";527;0;120;4;54;7;22;734
"Dublin City 02/291";163;0;143;6;90;26;19;447
"Dublin City 02/292";419;0;32;0;2;5;163;621
"Dublin City 02/293";449;0;11;1;3;9;12;485
"Dublin City 02/294";449;0;116;8;15;9;137;734
"Dublin City 02/295";679;0;101;9;20;13;9;831
"Dublin City 02/296";132;0;81;0;22;18;12;265
"Dublin City 02/297";325;0;99;88;29;27;126;694
"Dublin City 02/298";543;8;74;9;36;5;45;720
"Dublin City 02/299";390;0;116;9;25;16;11;567
"Dublin City 02/300";167;0;106;76;102;34;14;499
"Dublin City 02/301";295;0;161;45;60;27;41;629
"Dublin City 02/302";470;0;22;3;7;1;26;529
"Dublin City 02/303";221;0;25;5;38;11;209;509
"Dublin City 02/304";767;0;115;10;23;13;19;947
"Dublin City 02/305";534;0;31;1;16;2;0;584
"Dublin City 02/306";722;0;28;7;5;0;2;764
"Dublin City 02/307";310;5;289;33;30;32;53;752
"Dublin City 02/308";661;0;101;4;13;6;9;794
"Dublin City 02/309";627;0;26;3;0;2;22;680
"Dublin City 02/310";294;1;113;26;13;12;36;495
"Dublin City 02/311";309;0;118;16;9;12;12;476
"Dublin City 02/312";377;0;93;60;10;21;3;564
"Dublin City 02/313";609;2;86;8;6;20;30;761
"Dublin City 02/314";964;0;16;2;0;1;6;989
"Dublin City 02/315";408;0;112;5;7;4;19;555
"Dublin City 02/316";542;1;49;13;9;9;32;655
"Dublin City 02/317";411;0;57;16;4;4;14;506
"Dublin City 02/318";420;0;82;13;19;7;34;575
"Dublin City 02/319";473;0;88;4;5;6;10;586
"Dublin City 02/320";407;0;86;12;2;13;12;532
"Dublin City 02/321";464;7;85;9;9;9;2;585
"Dublin City 02/322";427;2;50;15;8;12;28;542
"Dublin City 02/323";404;0;240;23;74;23;26;790
"Dublin City 02/324";280;0;158;23;69;20;8;558
"Dublin City 02/325";201;0;166;12;54;15;74;522
"Dublin City 02/326";518;0;22;1;14;7;50;612
"Dublin City 02/327";365;0;136;16;97;31;55;700
"Dublin City 02/328";350;1;167;13;115;24;25;695
"Dublin City 02/329";293;2;19;1;8;1;10;334
"Dublin City 02/330";489;8;154;7;35;11;123;827
"Dublin City 02/331";323;2;210;29;95;30;61;750
"Dublin City 02/332";283;0;127;6;40;13;44;513
"Dublin City 02/333";326;1;114;22;53;17;79;612
"Dublin City 02/334";506;0;127;8;58;14;35;748
"Dublin City 02/335";423;0;124;36;90;24;21;718
"Dublin City 02/336";370;0;133;16;45;9;58;631
"Dublin City 02/337";522;0;121;16;22;12;13;706
"Dublin City 02/338";351;2;131;21;33;12;32;582
"Dublin City 02/339";574;0;133;5;21;5;9;747
"Dublin City 02/340";890;0;78;5;24;6;10;1013
"Dublin City 02/341";824;0;62;2;10;22;14;934
"Dublin City 02/342";852;0;29;1;0;14;2;898
"Dublin City 02/343";728;0;36;0;4;4;32;804
"Dublin City 02/344";862;0;36;1;5;5;17;926
"Dublin City 02/345";853;0;41;7;18;13;15;947
"Dublin City 02/346";725;0;29;0;9;11;8;782
"Dublin City 02/347";700;0;108;6;31;16;24;885
"Dublin City 02/348";780;0;51;0;13;16;9;869
"Dublin City 02/349";749;0;65;0;0;3;20;837
"Dublin City 02/350";849;0;34;3;12;6;0;904
"Dublin City 02/351";654;0;42;2;5;9;29;741
"Dublin City 02/352";702;1;53;7;8;6;37;814
"Dublin City 02/353";689;0;25;1;5;4;8;732
"Dublin City 02/354";821;0;91;4;14;18;18;966
"Dublin City 02/355";1106;1;62;10;17;4;11;1211
"Dublin City 02/356";1004;0;79;8;15;9;16;1131
"Dublin City 02/357";1175;2;53;4;8;7;17;1266
"Dublin City 02/358";772;0;35;0;9;9;7;832
"Dublin City 02/359";931;1;53;0;11;11;13;1020
"Dublin City 02/360";854;0;40;4;16;8;4;926
"Dublin City 02/361";622;3;83;6;21;14;17;766
"Dublin City 02/362";550;0;42;0;11;4;6;613
"Dublin City 02/363";733;0;61;2;23;27;26;872
"Dublin City 02/364";734;0;52;5;7;8;4;810
"Dublin City 02/365";730;0;50;7;9;15;6;817
"Dublin City 02/366";773;0;41;1;2;9;27;853
"Dublin City 02/367";669;0;38;5;7;7;1;727
"Dublin City 02/368";457;0;101;12;11;10;4;595
"Dublin City 02/369";670;0;146;11;40;10;21;898
"Dublin City 02/370";781;0;31;2;3;7;23;847
"Dublin City 02/371";706;1;42;6;12;7;7;781
"Dublin City 02/372";692;0;64;4;7;7;2;776
"Dublin City 02/373";455;1;142;11;35;7;10;661
"Dublin City 02/374";421;1;111;17;18;16;14;598
"Dublin City 02/375";753;28;114;9;120;22;550;1596
"Dublin City 02/376";798;3;136;43;110;20;327;1437
"Dublin City 02/377";359;2;239;10;114;26;123;873
"Dublin City 02/378";195;0;184;6;67;43;14;509
"Dublin City 02/379";147;1;86;17;93;16;49;409
"Dublin City 02/380";175;0;236;8;150;39;41;649
"Dublin City 02/381";141;0;128;11;35;23;42;380
"Dublin City 02/382";545;1;69;15;12;12;66;720
"Dublin City 02/383, 02/620";395;11;437;65;154;54;192;1308
"Dublin City 02/384";139;0;190;47;226;34;25;661
"Dublin City 02/385";233;0;356;35;170;20;60;874
"Dublin City 02/386";364;1;110;3;40;35;38;591
"Dublin City 02/387";207;0;147;23;37;21;66;501
"Dublin City 02/388";349;0;89;7;39;19;60;563
"Dublin City 02/389";353;1;101;7;90;3;10;565
"Dublin City 02/390";562;4;143;12;49;9;110;889
"Dublin City 02/391";455;0;237;3;60;32;105;892
"Dublin City 02/392";328;1;77;9;8;20;14;457
"Dublin City 02/393";624;0;173;24;46;15;36;918
"Dublin City 02/394";463;0;177;28;34;12;27;741
"Dublin City 02/395";508;0;196;18;31;16;33;802
"Dublin City 02/396";969;1;14;7;2;6;12;1011
"Dublin City 02/397";468;0;104;19;24;10;20;645
"Dublin City 02/398";627;0;26;10;2;4;25;694
"Dublin City 02/399";571;0;134;21;24;8;31;789
"Dublin City 02/400";746;2;92;2;21;15;22;900
"Dublin City 02/401";517;0;41;10;7;6;21;602
"Dublin City 02/402";626;0;37;1;7;1;20;692
"Dublin City 02/403";748;0;102;15;18;9;5;897
"Dublin City 02/404";706;0;67;14;15;8;15;825
"Dublin City 02/405";641;1;28;1;26;8;15;720
"Dublin City 02/406";798;0;37;1;13;13;2;864
"Dublin City 02/407";940;0;107;1;21;5;82;1156
"Dublin City 02/408";977;1;86;17;46;18;17;1162
"Dublin City 02/409";801;0;56;0;12;8;7;884
"Dublin City 02/410";847;0;55;6;7;6;25;946
"Dublin City 02/411";1104;1;92;20;29;9;10;1265
"Dublin City 02/412";763;0;32;8;18;3;18;842
"Dublin City 02/413";712;0;7;0;1;4;23;747
"Dublin City 02/414";740;0;35;5;14;8;37;839
"Dublin City 02/415";1154;1;27;5;7;10;5;1209
"Dublin City 02/416";831;1;5;3;0;8;23;871
"Dublin City 02/417";1056;1;95;12;11;16;15;1206
"Dublin City 02/418";921;5;7;2;4;11;59;1009
"Dublin City 02/419";904;6;61;21;35;18;23;1068
"Dublin City 02/420";808;0;55;4;10;2;12;891
"Dublin City 02/421";773;0;32;1;15;2;25;848
"Dublin City 02/422";789;0;56;4;52;9;33;943
"Dublin City 02/423";914;0;33;2;16;4;20;989
"Dublin City 02/424";823;0;52;12;8;9;19;923
"Dublin City 02/425";889;0;62;1;19;9;31;1011
"Dublin City 02/426";831;0;13;4;13;24;33;918
"Dublin City 02/427";1139;0;28;11;6;4;51;1239
"Dublin City 02/428";975;0;19;0;5;5;16;1020
"Dublin City 02/429";930;9;16;2;0;7;39;1003
"Dublin City 02/430";1339;6;13;13;4;3;29;1407
"Dublin City 02/431";1144;258;4;4;32;13;13;1468
"Dublin City 02/432";994;11;7;13;11;17;40;1093
"Dublin City 02/433";882;16;8;4;0;7;28;945
"Dublin City 02/434";808;13;2;7;9;3;16;858
"Dublin City 02/435";1042;11;84;1;15;16;12;1181
"Dublin City 02/436";1048;1;14;7;8;10;41;1129
"Dublin City 02/437";903;0;3;2;0;4;20;932
"Dublin City 02/438";923;0;21;2;5;5;8;964
"Dublin City 02/439";889;0;9;6;7;6;32;949
"Dublin City 02/440";831;1;19;2;27;5;49;934
"Dublin City 02/441";713;0;9;2;23;2;157;906
"Dublin City 02/442";1136;2;26;3;2;6;31;1206
"Dublin City 02/443";961;0;40;7;9;11;18;1046
"Dublin City 02/444";842;0;36;5;4;8;17;912
"Dublin City 02/445";791;0;24;2;11;7;7;842
"Dublin City 02/446";835;5;58;10;13;5;39;965
"Dublin City 02/447";1148;0;89;10;42;21;15;1325
"Dublin City 02/448";909;0;35;8;14;5;6;977
"Dublin City 02/449";756;0;29;1;17;9;23;835
"Dublin City 02/450";900;0;40;8;43;14;2;1007
"Dublin City 02/451";928;0;109;4;22;26;5;1094
"Dublin City 02/452";821;1;37;3;18;8;7;895
"Dublin City 02/453";1069;0;57;4;26;12;8;1176
"Dublin City 02/454";1112;0;35;4;17;1;9;1178
"Dublin City 02/455";815;0;23;0;12;9;9;868
"Dublin City 02/456";742;0;84;3;35;8;3;875
"Dublin City 02/457";804;0;29;8;16;10;5;872
"Dublin City 02/458";802;0;28;1;12;9;5;857
"Dublin City 02/459";788;0;51;1;14;10;6;870
"Dublin City 02/460";697;1;51;1;23;13;12;798
"Dublin City 02/461";577;0;48;1;2;11;4;643
"Dublin City 02/462";774;0;32;1;8;5;13;833
"Dublin City 02/463";692;0;82;9;9;23;1;816
"Dublin City 02/464";614;0;48;0;4;2;1;669
"Dublin City 02/465";489;0;124;16;22;7;35;693
"Dublin City 02/466";364;0;156;22;26;23;2;593
"Dublin City 02/467";687;0;42;1;15;6;4;755
"Dublin City 02/468";483;0;96;2;11;13;9;614
"Dublin City 02/469";550;0;188;5;19;15;3;780
"Dublin City 02/470";678;4;56;8;19;16;5;786
"Dublin City 02/471";450;0;102;1;31;15;3;602
"Dublin City 02/472";658;0;30;4;5;9;25;731
"Dublin City 02/473";724;0;42;6;13;5;17;807
"Dublin City 02/474";801;0;37;3;1;3;3;848
"Dublin City 02/475";878;0;88;7;8;15;18;1014
"Dublin City 02/476";643;0;102;9;11;5;4;774
"Dublin City 02/477";692;0;35;1;7;10;9;754
"Dublin City 02/478";788;0;50;5;15;6;0;864
"Dublin City 02/479";854;0;29;1;9;2;5;900
"Dublin City 02/480";834;0;53;2;5;3;7;904
"Dublin City 02/481";937;0;22;9;9;5;13;995
"Dublin City 02/482";759;2;53;0;7;9;10;840
"Dublin City 02/483";842;0;24;2;5;4;25;902
"Dublin City 02/484";804;0;44;1;15;11;8;883
"Dublin City 02/485";785;5;37;5;19;3;4;858
"Dublin City 02/486";930;0;30;12;9;6;26;1013
"Dublin City 02/487";837;0;28;1;3;4;2;875
"Dublin City 02/488";821;0;37;0;6;2;22;888
"Dublin City 02/489";818;1;21;1;4;5;2;852
"Dublin City 02/490";856;8;18;6;8;4;2;902
"Dublin City 02/491";820;0;66;0;33;13;2;934
"Dublin City 02/492";1107;1;39;2;7;8;1;1165
"Dublin City 02/493";1056;6;47;25;16;21;30;1201
"Dublin City 02/494";1037;0;28;3;3;5;16;1092
"Dublin City 02/495";909;0;32;7;0;2;31;981
"Dublin City 02/496";985;0;57;8;16;17;21;1104
"Dublin City 02/497";628;0;112;15;37;11;17;820
"Dublin City 02/498";959;1;19;4;7;7;25;1022
"Dublin City 02/499";1025;0;18;1;1;1;16;1062
"Dublin City 02/500";1079;0;14;3;3;6;15;1120
"Dublin City 02/501";980;0;36;4;5;0;17;1042
"Dublin City 02/502";1023;0;22;9;7;6;24;1091
"Dublin City 02/503";933;0;33;3;1;10;9;989
"Dublin City 02/504";1157;5;37;8;1;7;15;1230
"Dublin City 02/505";974;0;28;8;14;2;8;1034
"Dublin City 02/506";941;0;29;8;4;4;5;991
"Dublin City 02/507";930;0;49;1;2;10;16;1008
"Dublin City 02/508";991;10;13;4;6;11;33;1068
"Dublin City 02/509";1070;1;15;5;7;4;37;1139
"Dublin City 02/510";1035;1;62;1;7;7;16;1129
"Dublin City 02/511";1171;1;22;0;6;4;18;1222
"Dublin City 02/512";1051;0;29;1;8;2;13;1104
"Dublin City 02/513";887;0;25;2;4;2;17;937
"Dublin City 02/514";852;0;35;8;2;7;4;908
"Dublin City 02/515";761;0;23;3;7;5;13;812
"Dublin City 02/516";568;0;40;1;1;3;7;620
"Dublin City 02/517";743;0;18;6;11;2;9;789
"Dublin City 02/518";786;0;35;0;2;3;3;829
"Dublin City 02/519";774;0;31;0;13;4;8;830
"Dublin City 02/520";735;0;18;1;3;2;5;764
"Dublin City 02/521";738;0;43;0;15;5;0;801
"Dublin City 02/522";749;1;52;2;4;8;6;822
"Dublin City 02/523";853;0;51;1;12;2;8;927
"Dublin City 02/524";790;0;53;2;11;9;4;869
"Dublin City 02/525";741;0;65;4;7;8;5;830
"Dublin City 02/526";945;0;57;0;7;7;6;1022
"Dublin City 02/527";740;0;69;3;8;4;5;829
"Dublin City 02/528";1033;0;34;0;11;10;17;1105
"Dublin City 02/529";689;0;80;1;17;12;18;817
"Dublin City 02/530";733;0;70;0;12;10;8;833
"Dublin City 02/531";661;0;96;5;6;8;5;781
"Dublin City 02/532";636;0;63;0;8;7;6;720
"Dublin City 02/533";988;0;64;9;18;5;8;1092
"Dublin City 02/534";762;0;83;3;4;5;6;863
"Dublin City 02/535";644;0;115;37;17;8;5;826
"Dublin City 02/536";621;0;35;4;0;2;29;691
"Dublin City 02/537";586;0;67;4;6;17;38;718
"Dublin City 02/538";662;0;109;12;7;20;23;833
"Dublin City 02/539";445;0;45;1;6;13;16;526
"Dublin City 02/540";831;0;29;1;7;2;51;921
"Dublin City 02/541";748;0;19;3;1;1;106;878
"Dublin City 02/542";359;0;200;10;90;23;111;793
"Dublin City 02/543";511;0;42;5;8;8;26;600
"Dublin City 02/544";443;0;87;9;28;13;3;583
"Dublin City 02/545";665;1;98;13;15;12;26;830
"Dublin City 02/546";399;0;83;18;11;10;13;534
"Dublin City 02/547";398;0;26;1;6;4;27;462
"Dublin City 02/548";491;0;98;11;16;13;23;652
"Dublin City 02/549";358;0;2;1;0;3;35;399
"Dublin City 02/550";612;1;63;4;7;7;5;699
"Dublin City 02/551";247;0;89;3;35;21;33;428
"Dublin City 02/552";383;0;91;5;80;8;77;644
"Dublin City 02/553";239;0;135;1;19;17;16;427
"Dublin City 02/554";307;0;143;2;13;21;2;488
"Dublin City 02/555";478;0;92;6;36;14;7;633
"Dublin City 02/556";411;0;64;0;27;13;14;529
"Dublin City 02/557";809;2;66;2;10;10;10;909
"Dublin City 02/558";987;1;17;0;6;6;19;1036
"Dublin City 02/559";537;0;54;0;9;10;1;611
"Dublin City 02/561";448;0;89;9;33;14;2;595
"Dublin City 02/562";112;1;131;41;152;26;23;486
"Dublin City 02/563";397;1;159;79;129;60;36;861
"Dublin City 02/564";349;0;101;10;141;35;23;659
"Dublin City 02/565";472;0;164;14;55;35;49;789
"Dublin City 02/566";300;0;89;17;69;7;4;486
"Dublin City 02/567";427;9;202;17;115;28;13;811
"Dublin City 02/568";158;0;80;2;31;8;118;397
"Dublin City 02/569";384;0;157;12;62;17;236;868
"Dublin City 02/570";391;0;121;17;31;17;9;586
"Dublin City 02/571";221;0;135;54;18;18;12;458
"Dublin City 02/572";911;1;37;1;6;7;22;985
"Dublin City 02/573";753;5;28;1;4;3;3;797
"Dublin City 02/574";248;0;284;49;135;37;17;770
"Dublin City 02/575";442;3;153;34;105;29;85;851
"Dublin City 02/576";205;0;345;40;151;22;10;773
"Dublin City 02/577";327;0;145;42;63;25;34;636
"Dublin City 02/578";671;0;56;0;17;4;3;751
"Dublin City 02/579";985;20;75;13;8;14;12;1127
"Dublin City 02/580";159;0;163;6;58;23;69;478
"Dublin City 02/581";235;0;270;23;301;58;27;914
"Dublin City 02/582";301;1;104;4;119;22;26;577
"Dublin City 02/583";69;0;94;70;47;20;43;343
"Dublin City 02/584";609;4;106;14;113;35;41;922
"Dublin City 02/585";730;0;72;1;38;26;28;895
"Dublin City 02/586";569;0;60;0;14;7;0;650
"Dublin City 02/587";695;0;16;4;24;6;76;821
"Dublin City 02/588";592;0;41;13;30;4;2;682
"Dublin City 02/589";530;0;121;11;7;22;125;816
"Dublin City 02/590";296;3;92;7;64;17;4;483
"Dublin City 02/591, 02/230";401;0;296;7;80;35;109;928
"Dublin City 02/592";918;0;56;5;16;17;22;1034
"Dublin City 02/593";966;0;65;8;11;10;12;1072
"Dublin City 02/594";442;0;92;0;12;9;51;606
"Dublin City 02/595";623;6;269;29;72;29;3;1031
"Dublin City 02/596";715;4;175;136;31;25;35;1121
"Dublin City 02/597";153;0;61;3;27;9;181;434
"Dublin City 02/598";102;0;82;2;42;17;12;257
"Dublin City 02/599";170;0;37;9;10;3;2;231
"Dublin City 02/600";1130;136;124;48;28;12;14;1492
"Dublin City 02/601";324;0;54;1;30;14;2;425
"Dublin City 02/602";573;0;46;0;17;10;2;648
"Dublin City 02/603";347;0;96;2;28;17;268;758
"Dublin City 02/604";401;0;79;4;12;17;5;518
"Dublin City 02/605";291;0;20;0;11;16;3;341
"Dublin City 02/606";514;13;47;10;10;8;38;640
"Dublin City 02/607";116;0;35;0;11;3;1;166
"Dublin City 02/608";109;0;24;2;4;3;0;142
"Dublin City 02/609";344;0;81;1;42;14;5;487
"Dublin City 02/610";183;0;119;13;107;34;48;504
"Dublin City 02/612";568;0;38;5;9;9;13;642
"Dublin City 02/613";436;0;86;23;48;5;28;626
"Dublin City 02/614";339;0;22;16;12;3;6;398
"Dublin City 02/615";298;0;144;4;167;12;7;632
"Dublin City 02/616";376;1;42;2;9;4;4;438
"Dublin City 02/617";202;3;76;2;22;14;62;381
"Dublin City 02/618";296;2;86;47;56;10;86;583
"Dublin City 02/619";110;0;195;8;68;17;45;443
"Dublin City 02/621";492;0;73;2;78;12;34;691
"Dublin City 02/622";190;0;385;26;132;42;27;802
"Dublin City 02/623";455;0;55;2;9;12;15;548
"Dublin City 02/624";505;0;77;13;32;12;18;657
"Dublin City 02/625";429;0;78;21;28;12;47;615
"Dublin City 02/626";492;20;43;10;1;11;43;620
"Dublin City 02/627";814;3;84;19;128;20;173;1241
"Dublin City 02/628";964;0;76;5;3;13;8;1069
"Dublin City 02/629";564;4;161;3;47;4;25;808
"Dublin City 02/630";783;0;21;0;2;7;12;825
"Dublin City 02/631";234;0;319;9;180;56;41;839
"Dublin City 02/632";724;0;33;5;9;4;0;775
"Dublin City 02/633";250;0;125;12;24;6;8;425
"Dublin City 02/634";298;2;212;34;25;6;9;586
"Dublin City 02/635";331;0;193;1;61;40;7;633
"South Dublin 03 ";189736;1463;12711;5705;4837;2974;4339;221765
"South Dublin 03/001";835;0;55;4;24;8;6;932
"South Dublin 03/002";897;0;37;4;16;11;11;976
"South Dublin 03/003";618;0;59;3;20;8;12;720
"South Dublin 03/004";897;0;35;0;14;8;8;962
"South Dublin 03/005";853;0;21;7;2;4;3;890
"South Dublin 03/006";922;0;51;8;9;8;11;1009
"South Dublin 03/007";885;0;19;0;4;13;7;928
"South Dublin 03/008";780;0;17;0;4;7;3;811
"South Dublin 03/009";659;0;27;6;11;8;10;721
"South Dublin 03/010";889;0;42;0;4;7;8;950
"South Dublin 03/011";1065;0;18;0;11;14;4;1112
"South Dublin 03/012";885;0;62;16;15;24;17;1019
"South Dublin 03/013";717;35;46;8;11;8;8;833
"South Dublin 03/014";910;1;26;2;3;21;16;979
"South Dublin 03/015";683;3;63;5;41;16;7;818
"South Dublin 03/016";1068;0;40;0;11;17;1;1137
"South Dublin 03/017";860;0;54;3;21;8;4;950
"South Dublin 03/018";934;0;30;13;21;15;4;1017
"South Dublin 03/019";821;0;47;7;54;14;2;945
"South Dublin 03/020";1001;0;42;3;14;3;5;1068
"South Dublin 03/021";1024;0;30;17;9;7;5;1092
"South Dublin 03/022";881;0;30;0;1;7;2;921
"South Dublin 03/023";1006;0;35;3;20;8;6;1078
"South Dublin 03/024";1041;0;50;2;12;8;2;1115
"South Dublin 03/025";1143;0;34;0;4;6;5;1192
"South Dublin 03/026";1061;0;22;1;8;5;5;1102
"South Dublin 03/027";865;0;18;1;9;12;10;915
"South Dublin 03/028";744;0;19;0;0;7;1;771
"South Dublin 03/029";861;0;50;7;10;8;4;940
"South Dublin 03/030";644;0;29;14;18;4;17;726
"South Dublin 03/031";939;0;34;1;2;4;5;985
"South Dublin 03/032";907;0;24;5;8;2;7;953
"South Dublin 03/033";901;0;17;0;0;1;4;923
"South Dublin 03/034";653;0;41;0;14;14;8;730
"South Dublin 03/035";847;0;26;4;10;4;15;906
"South Dublin 03/036";786;0;25;3;3;16;12;845
"South Dublin 03/037";814;0;20;2;1;2;0;839
"South Dublin 03/038";818;0;28;1;1;1;2;851
"South Dublin 03/039";865;0;20;7;6;4;10;912
"South Dublin 03/040";934;0;35;1;4;7;16;997
"South Dublin 03/041";740;0;18;0;2;3;5;768
"South Dublin 03/042";894;0;27;1;19;7;9;957
"South Dublin 03/043";1026;0;14;3;25;7;7;1082
"South Dublin 03/044";948;0;20;0;13;1;5;987
"South Dublin 03/045";1076;0;21;1;5;2;6;1111
"South Dublin 03/046";1120;0;36;0;10;4;5;1175
"South Dublin 03/047";993;67;34;8;18;4;8;1132
"South Dublin 03/048";999;0;25;0;6;4;8;1042
"South Dublin 03/049";851;6;60;17;9;11;39;993
"South Dublin 03/051, 03/050";1861;7;95;38;10;23;52;2086
"South Dublin 03/052";1114;0;28;1;1;6;25;1175
"South Dublin 03/053";1003;17;34;0;0;1;7;1062
"South Dublin 03/054";920;5;50;12;17;17;3;1024
"South Dublin 03/055";1034;0;32;4;4;1;6;1081
"South Dublin 03/056";975;0;36;7;9;6;1;1034
"South Dublin 03/057";1089;0;29;0;1;1;32;1152
"South Dublin 03/058";1112;0;19;0;15;7;26;1179
"South Dublin 03/059";882;8;49;8;9;12;11;979
"South Dublin 03/060";1148;0;39;0;11;11;32;1241
"South Dublin 03/061";903;32;57;7;13;14;12;1038
"South Dublin 03/062";736;105;95;50;104;48;88;1226
"South Dublin 03/063";802;10;84;30;14;27;22;989
"South Dublin 03/064";716;18;190;48;61;26;26;1085
"South Dublin 03/065";805;4;104;33;24;27;11;1008
"South Dublin 03/066";829;9;85;54;34;19;71;1101
"South Dublin 03/067";882;21;111;69;18;15;37;1153
"South Dublin 03/068";1320;5;25;22;12;11;96;1491
"South Dublin 03/069";1101;70;12;51;9;5;23;1271
"South Dublin 03/070";1105;1;45;33;66;20;15;1285
"South Dublin 03/072";1136;0;137;9;9;16;16;1323
"South Dublin 03/074";1043;10;85;4;12;13;84;1251
"South Dublin 03/075";995;3;192;45;45;25;31;1336
"South Dublin 03/076";979;0;264;64;59;24;36;1426
"South Dublin 03/077";1078;4;137;40;31;19;30;1339
"South Dublin 03/078";889;1;177;26;25;33;9;1160
"South Dublin 03/079";813;8;80;3;3;12;7;926
"South Dublin 03/080";1070;6;117;38;19;32;23;1305
"South Dublin 03/081";232;6;162;128;23;14;16;581
"South Dublin 03/082";971;0;35;6;8;6;6;1032
"South Dublin 03/083";843;0;47;20;5;8;17;940
"South Dublin 03/084";1014;22;78;13;23;9;3;1162
"South Dublin 03/085";814;0;108;35;43;10;36;1046
"South Dublin 03/086";988;8;158;15;26;18;40;1253
"South Dublin 03/087";878;2;109;41;16;9;14;1069
"South Dublin 03/088";745;6;85;17;14;3;23;893
"South Dublin 03/089";885;0;138;63;12;4;9;1111
"South Dublin 03/091";1030;15;25;23;5;4;25;1127
"South Dublin 03/092";964;36;31;44;54;25;31;1185
"South Dublin 03/093";860;13;121;140;16;23;11;1184
"South Dublin 03/094";979;17;34;30;7;5;6;1078
"South Dublin 03/095";1022;0;34;16;34;28;11;1145
"South Dublin 03/096";1120;0;44;14;6;8;28;1220
"South Dublin 03/097";774;0;94;19;17;8;24;936
"South Dublin 03/099";1131;9;18;7;0;6;44;1215
"South Dublin 03/100";1100;9;55;31;10;22;19;1246
"South Dublin 03/101";1055;6;31;28;7;11;21;1159
"South Dublin 03/102";1076;0;8;19;5;6;33;1147
"South Dublin 03/103";1059;4;23;16;21;22;39;1184
"South Dublin 03/104";1013;0;33;19;1;9;2;1077
"South Dublin 03/105";941;1;8;0;1;2;14;967
"South Dublin 03/106";1033;0;11;1;2;5;4;1056
"South Dublin 03/107";996;4;15;13;8;5;33;1074
"South Dublin 03/108";1094;20;12;26;8;10;182;1352
"South Dublin 03/109";1254;17;90;28;16;9;58;1472
"South Dublin 03/110";1014;1;34;4;3;2;7;1065
"South Dublin 03/111";1155;0;60;5;4;6;40;1270
"South Dublin 03/112";1188;0;60;31;30;7;20;1336
"South Dublin 03/113";993;1;50;13;26;15;15;1113
"South Dublin 03/114";981;0;45;5;20;15;14;1080
"South Dublin 03/115";916;5;44;7;29;2;2;1005
"South Dublin 03/116";809;0;34;4;3;1;8;859
"South Dublin 03/117";736;0;39;7;7;1;4;794
"South Dublin 03/118";995;6;53;17;21;12;34;1138
"South Dublin 03/119";862;0;151;59;38;25;19;1154
"South Dublin 03/120";964;0;102;34;50;14;30;1194
"South Dublin 03/121";846;5;127;55;64;19;5;1121
"South Dublin 03/122";661;0;123;172;89;44;88;1177
"South Dublin 03/123";798;16;126;102;71;16;38;1167
"South Dublin 03/124";967;0;81;21;25;21;11;1126
"South Dublin 03/125";904;0;64;13;7;7;11;1006
"South Dublin 03/126";1161;1;14;0;18;9;6;1209
"South Dublin 03/127";1017;5;40;25;7;13;12;1119
"South Dublin 03/128";621;0;71;24;21;2;16;755
"South Dublin 03/129";964;0;48;26;23;9;37;1107
"South Dublin 03/130";798;0;94;23;19;11;27;972
"South Dublin 03/131";966;0;54;15;10;3;24;1072
"South Dublin 03/132";903;3;56;17;12;5;24;1020
"South Dublin 03/133";936;10;56;22;9;9;23;1065
"South Dublin 03/134";914;3;55;21;15;4;10;1022
"South Dublin 03/141";1065;35;53;71;16;17;58;1315
"South Dublin 03/142";642;9;31;85;26;24;10;827
"South Dublin 03/143";1070;21;125;119;25;19;8;1387
"South Dublin 03/144";894;1;84;69;13;11;5;1077
"South Dublin 03/145";862;17;23;16;5;4;27;954
"South Dublin 03/146";930;28;30;39;3;6;56;1092
"South Dublin 03/148";1073;4;20;0;0;4;32;1133
"South Dublin 03/149";954;10;27;2;9;5;3;1010
"South Dublin 03/150";921;0;10;21;9;5;74;1040
"South Dublin 03/151";972;2;27;3;1;2;162;1169
"South Dublin 03/152";1035;34;33;29;1;10;34;1176
"South Dublin 03/153";1139;0;71;9;29;6;30;1284
"South Dublin 03/154";1131;1;43;22;9;7;14;1227
"South Dublin 03/155";970;11;100;16;21;14;11;1143
"South Dublin 03/156";919;0;59;9;15;5;14;1021
"South Dublin 03/157";899;1;42;15;4;12;23;996
"South Dublin 03/158";1078;0;48;16;17;17;16;1192
"South Dublin 03/159";1042;1;79;12;10;6;18;1168
"South Dublin 03/160";907;0;42;2;8;3;20;982
"South Dublin 03/161";958;0;19;22;5;8;17;1029
"South Dublin 03/162";872;0;9;10;11;12;15;929
"South Dublin 03/163";941;0;26;2;4;3;19;995
"South Dublin 03/164";1160;0;59;21;25;18;21;1304
"South Dublin 03/165";1012;0;66;18;8;12;9;1125
"South Dublin 03/166";1097;0;49;8;13;27;13;1207
"South Dublin 03/167";1179;0;75;42;40;42;23;1401
"South Dublin 03/168";1039;0;90;17;16;38;12;1212
"South Dublin 03/169";814;0;69;39;81;36;20;1059
"South Dublin 03/170";1337;4;78;56;12;21;39;1547
"South Dublin 03/171";1293;9;53;31;23;19;18;1446
"South Dublin 03/173";1033;0;36;3;14;11;18;1115
"South Dublin 03/174";859;0;48;13;18;7;11;956
"South Dublin 03/175";1093;0;36;11;25;21;8;1194
"South Dublin 03/177";1058;4;33;10;11;25;20;1161
"South Dublin 03/179";995;0;31;0;0;8;17;1051
"South Dublin 03/180";1186;2;53;21;24;19;12;1317
"South Dublin 03/181";667;0;64;2;12;9;6;760
"South Dublin 03/182";1151;0;41;22;16;3;2;1235
"South Dublin 03/184";892;6;112;68;68;44;18;1208
"South Dublin 03/185";1335;0;116;2;54;16;11;1534
"South Dublin 03/186";754;11;39;34;14;2;14;868
"South Dublin 03/187";802;0;36;1;6;10;6;861
"South Dublin 03/188";1014;0;90;8;7;8;13;1140
"South Dublin 03/190";867;5;145;57;30;20;11;1135
"South Dublin 03/191";706;0;115;84;96;22;55;1078
"South Dublin 03/192";999;4;153;166;115;53;52;1542
"South Dublin 03/193";797;105;100;88;61;16;17;1184
"South Dublin 03/194";740;0;111;32;44;32;9;968
"South Dublin 03/195";854;0;130;51;47;36;25;1143
"South Dublin 03/196";797;1;132;91;84;38;43;1186
"South Dublin 03/197";811;0;99;151;124;28;29;1242
"South Dublin 03/198";704;35;148;229;93;29;16;1254
"South Dublin 03/199";1131;20;14;4;9;6;47;1231
"South Dublin 03/200";958;26;29;15;29;13;33;1103
"South Dublin 03/201";872;8;16;57;7;6;60;1026
"South Dublin 03/202";685;25;54;33;32;22;52;903
"South Dublin 03/203";906;0;64;33;17;56;20;1096
"South Dublin 03/204";1118;0;59;6;22;8;6;1219
"South Dublin 03/205";1074;0;72;13;35;30;14;1238
"South Dublin 03/206";918;0;83;113;167;62;35;1378
"South Dublin 03/207";1256;37;102;71;98;24;17;1605
"South Dublin 03/209";714;7;152;235;198;96;45;1447
"South Dublin 03/210";457;0;128;2;26;21;2;636
"South Dublin 03/211";503;3;354;64;149;76;54;1203
"South Dublin 03/212";965;8;40;0;7;10;13;1043
"South Dublin 03/213";636;82;20;33;63;15;45;894
"South Dublin 03/214";427;150;127;131;48;26;5;914
"South Dublin 03/216";199;0;41;52;22;17;13;344
"South Dublin 03/218";990;0;127;83;50;11;18;1279
"South Dublin 03/221";593;3;56;91;33;34;37;847
"South Dublin 03/222";648;0;65;36;19;13;7;788
"South Dublin 03/223";1013;0;124;91;58;74;27;1387
"South Dublin 03/224";859;0;101;40;41;29;18;1088
"South Dublin 03/225";497;0;33;18;28;9;8;593
"South Dublin 03/227";493;0;55;51;26;9;5;639
"South Dublin 03/228";665;26;58;50;30;13;43;885
"Fingal 04 ";83221;246;11384;5478;3523;2442;3016;109310
"Fingal 04/069";698;0;65;1;5;9;14;792
"Fingal 04/070";769;0;87;3;18;12;11;900
"Fingal 04/072";968;0;34;2;3;6;12;1025
"Fingal 04/073";872;0;28;1;3;5;22;931
"Fingal 04/074";810;0;43;5;8;3;15;884
"Fingal 04/075";977;0;37;1;6;3;15;1039
"Fingal 04/076";1015;0;21;0;7;3;19;1065
"Fingal 04/077";966;0;46;0;14;9;8;1043
"Fingal 04/078";768;0;67;11;13;10;12;881
"Fingal 04/079";825;0;90;2;8;18;6;949
"Fingal 04/080";967;0;33;0;2;5;6;1013
"Fingal 04/081";721;0;66;4;21;9;28;849
"Fingal 04/082";902;0;58;1;8;11;13;993
"Fingal 04/083";830;0;68;2;7;15;4;926
"Fingal 04/084";819;0;72;2;6;11;19;929
"Fingal 04/085";934;3;52;2;2;4;27;1024
"Fingal 04/086";1055;0;73;0;10;4;14;1156
"Fingal 04/087";970;0;60;1;1;12;13;1057
"Fingal 04/088";1055;0;40;0;7;7;10;1119
"Fingal 04/089";844;40;45;43;2;23;135;1132
"Fingal 04/090";534;2;128;101;48;40;53;906
"Fingal 04/091";879;9;101;17;10;12;38;1066
"Fingal 04/092";1270;0;47;94;5;11;34;1461
"Fingal 04/093";1070;0;32;2;1;7;24;1136
"Fingal 04/095";828;0;35;21;25;3;3;915
"Fingal 04/096";816;0;51;0;16;4;5;892
"Fingal 04/097";638;0;179;54;43;77;76;1067
"Fingal 04/098";996;11;75;9;12;12;13;1128
"Fingal 04/099";1080;13;131;107;5;66;40;1442
"Fingal 04/100";1072;10;54;22;19;31;39;1247
"Fingal 04/101";825;9;77;30;1;15;14;971
"Fingal 04/102";740;0;101;33;58;18;15;965
"Fingal 04/103";1025;0;32;15;11;10;9;1102
"Fingal 04/104";1056;0;51;6;4;15;9;1141
"Fingal 04/105";983;0;131;74;8;18;31;1245
"Fingal 04/106";977;0;75;84;25;25;61;1247
"Fingal 04/107";1066;0;132;20;8;23;27;1276
"Fingal 04/108";862;0;83;50;17;18;61;1091
"Fingal 04/109";1005;8;116;35;13;15;21;1213
"Fingal 04/110";1125;0;127;40;14;18;20;1344
"Fingal 04/113";897;4;77;53;11;23;54;1119
"Fingal 04/114";1012;6;125;64;3;15;1;1226
"Fingal 04/115";912;0;100;45;22;25;25;1129
"Fingal 04/116";956;5;122;35;16;34;30;1198
"Fingal 04/118";1205;0;106;27;51;40;38;1467
"Fingal 04/119";926;0;93;8;51;26;33;1137
"Fingal 04/120";800;0;110;27;81;29;28;1075
"Fingal 04/121";906;0;162;82;71;52;16;1289
"Fingal 04/122";1057;0;131;45;16;34;30;1313
"Fingal 04/123";941;0;114;25;20;13;6;1119
"Fingal 04/124";996;0;150;22;45;17;14;1244
"Fingal 04/125";605;0;137;41;26;25;10;844
"Fingal 04/126";1038;0;67;19;35;11;8;1178
"Fingal 04/127";851;0;25;2;5;6;9;898
"Fingal 04/128";1012;41;74;2;7;4;46;1186
"Fingal 04/129";1186;0;51;1;5;6;10;1259
"Fingal 04/130";924;0;48;6;18;6;7;1009
"Fingal 04/148";883;5;49;4;22;5;14;982
"Fingal 04/149";696;0;85;6;3;8;24;822
"Fingal 04/150";503;7;237;203;65;48;26;1089
"Fingal 04/151";728;1;222;59;132;38;27;1207
"Fingal 04/152";158;1;193;97;70;38;37;594
"Fingal 04/153";692;6;72;29;28;21;27;875
"Fingal 04/154";782;0;120;18;41;23;16;1000
"Fingal 04/155";978;5;95;52;21;7;9;1167
"Fingal 04/156";518;0;252;71;79;45;28;993
"Fingal 04/158";1189;0;123;30;14;27;46;1429
"Fingal 04/159";906;0;221;38;76;25;10;1276
"Fingal 04/160";919;0;174;52;27;32;0;1204
"Fingal 04/161";758;0;122;141;76;31;32;1160
"Fingal 04/162";688;0;193;158;55;68;2;1164
"Fingal 04/163";753;0;134;75;63;42;94;1161
"Fingal 04/164";979;0;165;117;64;74;8;1407
"Fingal 04/165";766;5;172;109;44;16;38;1150
"Fingal 04/166";632;3;76;104;41;17;154;1027
"Fingal 04/167";877;0;166;61;70;45;3;1222
"Fingal 04/168";821;0;191;56;70;41;25;1204
"Fingal 04/169";984;0;35;0;5;10;5;1039
"Fingal 04/172";496;0;80;193;89;61;9;928
"Fingal 04/174";778;4;294;123;39;41;19;1298
"Fingal 04/176";509;0;135;98;58;21;42;863
"Fingal 04/204";431;0;97;118;56;16;25;743
"Fingal 04/205";865;0;443;350;105;72;72;1907
"Fingal 04/206";455;0;117;194;97;38;69;970
"Fingal 04/207";1008;13;64;69;11;27;136;1328
"Fingal 04/208";552;5;181;114;32;44;39;967
"Fingal 04/209";526;0;97;39;35;11;8;716
"Fingal 04/210";779;0;97;60;164;51;50;1201
"Fingal 04/211";419;26;158;90;58;23;12;786
"Fingal 04/213";596;0;144;204;27;25;48;1044
"Fingal 04/214";711;0;116;107;63;30;18;1045
"Fingal 04/215";508;0;162;79;29;23;39;840
"Fingal 04/216";624;0;101;147;44;44;74;1034
"Fingal 04/217";628;0;209;71;73;45;45;1071
"Fingal 04/218";615;0;402;248;214;88;74;1641
"Fingal 04/219";677;0;168;190;136;43;197;1411
"Fingal 04/220";991;0;133;20;9;26;18;1197
"Fingal 04/221";143;0;40;8;4;5;0;200
"Fingal 04/223";751;0;203;24;39;22;23;1062
"Fingal 04/224";374;0;100;17;16;21;3;531
"Fingal 04/225";739;4;211;36;82;21;10;1103
"Dún Laoghaire-Rathdown 05 ";159250;266;12084;809;3515;2563;2147;180634
"Dún Laoghaire-Rathdown 05/001";777;0;67;3;17;13;6;883
"Dún Laoghaire-Rathdown 05/002";579;0;62;5;27;16;3;692
"Dún Laoghaire-Rathdown 05/003";839;13;89;11;59;15;12;1038
"Dún Laoghaire-Rathdown 05/004";514;0;69;0;14;13;3;613
"Dún Laoghaire-Rathdown 05/005";741;0;87;2;27;18;12;887
"Dún Laoghaire-Rathdown 05/006";940;0;61;3;15;9;8;1036
"Dún Laoghaire-Rathdown 05/007";703;0;99;3;37;8;5;855
"Dún Laoghaire-Rathdown 05/008";908;0;81;1;34;18;13;1055
"Dún Laoghaire-Rathdown 05/009";571;0;64;0;31;18;6;690
"Dún Laoghaire-Rathdown 05/010";686;0;89;0;16;10;40;841
"Dún Laoghaire-Rathdown 05/011";618;0;65;21;32;32;18;786
"Dún Laoghaire-Rathdown 05/012";947;0;31;2;14;8;7;1009
"Dún Laoghaire-Rathdown 05/013";562;0;75;3;12;19;14;685
"Dún Laoghaire-Rathdown 05/014";521;0;69;2;12;4;13;621
"Dún Laoghaire-Rathdown 05/015";647;0;69;10;4;9;24;763
"Dún Laoghaire-Rathdown 05/016";485;0;101;7;8;20;2;623
"Dún Laoghaire-Rathdown 05/017";738;0;123;4;12;14;7;898
"Dún Laoghaire-Rathdown 05/018";821;0;69;2;13;6;16;927
"Dún Laoghaire-Rathdown 05/019";470;7;178;5;72;31;19;782
"Dún Laoghaire-Rathdown 05/020";716;0;93;3;16;15;16;859
"Dún Laoghaire-Rathdown 05/021";468;0;42;5;15;9;12;551
"Dún Laoghaire-Rathdown 05/022";631;0;137;4;71;20;16;879
"Dún Laoghaire-Rathdown 05/023";647;0;76;0;20;5;8;756
"Dún Laoghaire-Rathdown 05/024";765;2;93;7;8;22;40;937
"Dún Laoghaire-Rathdown 05/025";363;0;74;7;26;14;24;508
"Dún Laoghaire-Rathdown 05/026";549;0;107;1;44;13;16;730
"Dún Laoghaire-Rathdown 05/027";358;1;96;8;46;13;17;539
"Dún Laoghaire-Rathdown 05/028";796;0;53;4;3;5;15;876
"Dún Laoghaire-Rathdown 05/029";668;0;24;4;3;11;11;721
"Dún Laoghaire-Rathdown 05/030";715;3;58;0;3;7;12;798
"Dún Laoghaire-Rathdown 05/031";818;0;69;3;35;12;14;951
"Dún Laoghaire-Rathdown 05/032";885;0;44;1;2;5;10;947
"Dún Laoghaire-Rathdown 05/033";948;8;34;4;4;10;14;1022
"Dún Laoghaire-Rathdown 05/034";608;0;106;18;30;24;13;799
"Dún Laoghaire-Rathdown 05/035";813;0;24;3;7;7;15;869
"Dún Laoghaire-Rathdown 05/036";886;0;54;1;25;8;5;979
"Dún Laoghaire-Rathdown 05/037";953;0;43;4;8;9;6;1023
"Dún Laoghaire-Rathdown 05/038";832;0;36;6;7;8;3;892
"Dún Laoghaire-Rathdown 05/039";574;1;53;9;1;9;16;663
"Dún Laoghaire-Rathdown 05/040";505;0;80;0;18;5;9;617
"Dún Laoghaire-Rathdown 05/041";529;0;50;3;29;10;22;643
"Dún Laoghaire-Rathdown 05/042";744;0;98;2;16;12;9;881
"Dún Laoghaire-Rathdown 05/043";602;0;43;0;26;11;3;685
"Dún Laoghaire-Rathdown 05/044";876;0;71;2;6;10;10;975
"Dún Laoghaire-Rathdown 05/045";797;0;69;4;20;7;6;903
"Dún Laoghaire-Rathdown 05/046";752;0;61;0;15;11;9;848
"Dún Laoghaire-Rathdown 05/047";755;1;33;1;11;9;3;813
"Dún Laoghaire-Rathdown 05/048";629;2;38;0;14;6;8;697
"Dún Laoghaire-Rathdown 05/049, 05/051";1241;1;132;13;9;25;5;1426
"Dún Laoghaire-Rathdown 05/050";635;0;47;0;9;7;5;703
"Dún Laoghaire-Rathdown 05/052";914;0;48;1;4;6;3;976
"Dún Laoghaire-Rathdown 05/053";856;0;45;6;5;6;2;920
"Dún Laoghaire-Rathdown 05/054";1007;0;62;1;9;13;10;1102
"Dún Laoghaire-Rathdown 05/055";898;0;81;0;8;11;12;1010
"Dún Laoghaire-Rathdown 05/056";912;0;59;0;2;5;8;986
"Dún Laoghaire-Rathdown 05/057";605;0;79;6;18;18;10;736
"Dún Laoghaire-Rathdown 05/058";870;0;69;0;4;18;17;978
"Dún Laoghaire-Rathdown 05/059";920;0;16;2;5;2;26;971
"Dún Laoghaire-Rathdown 05/060";1238;8;23;1;5;13;14;1302
"Dún Laoghaire-Rathdown 05/061";1183;27;31;7;14;5;32;1299
"Dún Laoghaire-Rathdown 05/062";992;0;78;9;4;14;11;1108
"Dún Laoghaire-Rathdown 05/063";1126;5;54;0;4;12;25;1226
"Dún Laoghaire-Rathdown 05/064";991;2;19;10;5;2;21;1050
"Dún Laoghaire-Rathdown 05/065";885;6;88;4;48;18;10;1059
"Dún Laoghaire-Rathdown 05/066";1083;0;83;2;20;19;4;1211
"Dún Laoghaire-Rathdown 05/067";920;0;67;1;14;20;14;1036
"Dún Laoghaire-Rathdown 05/069";920;0;133;11;76;21;13;1174
"Dún Laoghaire-Rathdown 05/070";947;0;58;0;20;15;7;1047
"Dún Laoghaire-Rathdown 05/071";961;0;77;6;16;13;15;1088
"Dún Laoghaire-Rathdown 05/072";1050;2;38;5;4;10;4;1113
"Dún Laoghaire-Rathdown 05/073";419;0;59;1;29;14;4;526
"Dún Laoghaire-Rathdown 05/074";980;1;21;0;1;11;6;1020
"Dún Laoghaire-Rathdown 05/075";1049;1;18;2;11;10;15;1106
"Dún Laoghaire-Rathdown 05/076";962;0;48;3;11;23;2;1049
"Dún Laoghaire-Rathdown 05/077";922;0;33;5;17;12;11;1000
"Dún Laoghaire-Rathdown 05/078";1025;0;32;0;13;9;3;1082
"Dún Laoghaire-Rathdown 05/079";738;0;36;5;6;4;8;797
"Dún Laoghaire-Rathdown 05/080";872;6;21;5;19;6;9;938
"Dún Laoghaire-Rathdown 05/081";909;0;49;1;24;12;14;1009
"Dún Laoghaire-Rathdown 05/082";864;0;41;1;15;20;14;955
"Dún Laoghaire-Rathdown 05/083";950;9;52;0;10;12;107;1140
"Dún Laoghaire-Rathdown 05/084";840;0;43;1;14;10;4;912
"Dún Laoghaire-Rathdown 05/085";1090;0;80;6;4;7;8;1195
"Dún Laoghaire-Rathdown 05/086";780;0;63;2;32;7;15;899
"Dún Laoghaire-Rathdown 05/087";788;0;65;2;17;10;3;885
"Dún Laoghaire-Rathdown 05/088";986;0;51;1;27;8;3;1076
"Dún Laoghaire-Rathdown 05/089";942;0;56;3;5;11;6;1023
"Dún Laoghaire-Rathdown 05/090";1021;0;67;3;7;17;2;1117
"Dún Laoghaire-Rathdown 05/091";871;0;69;1;14;9;10;974
"Dún Laoghaire-Rathdown 05/092";876;0;62;4;17;8;4;971
"Dún Laoghaire-Rathdown 05/093";904;1;52;0;32;16;6;1011
"Dún Laoghaire-Rathdown 05/094";1183;0;84;5;31;15;9;1327
"Dún Laoghaire-Rathdown 05/095";942;2;131;1;70;21;25;1192
"Dún Laoghaire-Rathdown 05/096";565;0;95;2;26;15;1;704
"Dún Laoghaire-Rathdown 05/097";896;0;66;1;32;20;14;1029
"Dún Laoghaire-Rathdown 05/098";941;0;42;5;19;9;3;1019
"Dún Laoghaire-Rathdown 05/099";838;0;32;0;12;8;5;895
"Dún Laoghaire-Rathdown 05/100";839;0;86;0;8;22;14;969
"Dún Laoghaire-Rathdown 05/101";684;0;46;6;30;49;1;816
"Dún Laoghaire-Rathdown 05/102";814;0;45;0;1;3;6;869
"Dún Laoghaire-Rathdown 05/103";870;0;42;1;8;8;12;941
"Dún Laoghaire-Rathdown 05/104";817;0;30;0;3;10;7;867
"Dún Laoghaire-Rathdown 05/105";868;0;35;0;6;5;6;920
"Dún Laoghaire-Rathdown 05/106";803;1;60;0;4;16;7;891
"Dún Laoghaire-Rathdown 05/107";920;0;25;2;3;11;0;961
"Dún Laoghaire-Rathdown 05/108";752;0;72;0;33;12;7;876
"Dún Laoghaire-Rathdown 05/109";817;0;47;0;12;8;9;893
"Dún Laoghaire-Rathdown 05/110";658;0;71;6;24;11;8;778
"Dún Laoghaire-Rathdown 05/111";824;0;65;0;31;6;3;929
"Dún Laoghaire-Rathdown 05/112";987;0;56;7;27;10;14;1101
"Dún Laoghaire-Rathdown 05/113";1063;0;38;0;21;9;7;1138
"Dún Laoghaire-Rathdown 05/114";1069;0;50;4;5;5;4;1137
"Dún Laoghaire-Rathdown 05/115";1008;0;82;6;27;14;2;1139
"Dún Laoghaire-Rathdown 05/116";1008;0;74;4;28;25;5;1144
"Dún Laoghaire-Rathdown 05/117";1050;0;84;1;20;7;12;1174
"Dún Laoghaire-Rathdown 05/118";1471;16;82;23;40;26;18;1676
"Dún Laoghaire-Rathdown 05/119";923;0;110;15;16;38;15;1117
"Dún Laoghaire-Rathdown 05/121";945;0;129;5;22;32;28;1161
"Dún Laoghaire-Rathdown 05/122";1143;0;111;7;14;30;20;1325
"Dún Laoghaire-Rathdown 05/123";864;0;108;13;17;21;10;1033
"Dún Laoghaire-Rathdown 05/126";887;1;58;7;8;3;9;973
"Dún Laoghaire-Rathdown 05/127";960;59;58;7;41;25;11;1161
"Dún Laoghaire-Rathdown 05/128";741;3;93;18;9;37;3;904
"Dún Laoghaire-Rathdown 05/129";854;0;40;0;12;3;2;911
"Dún Laoghaire-Rathdown 05/130";644;0;77;11;36;24;8;800
"Dún Laoghaire-Rathdown 05/131";981;0;40;0;3;9;2;1035
"Dún Laoghaire-Rathdown 05/132";1072;0;41;9;24;13;5;1164
"Dún Laoghaire-Rathdown 05/133";714;0;49;4;17;8;4;796
"Dún Laoghaire-Rathdown 05/134";856;0;39;3;4;0;2;904
"Dún Laoghaire-Rathdown 05/135";872;0;38;3;32;9;3;957
"Dún Laoghaire-Rathdown 05/136";889;1;43;8;1;6;13;961
"Dún Laoghaire-Rathdown 05/137";1026;0;26;4;3;9;6;1074
"Dún Laoghaire-Rathdown 05/138";847;0;35;1;18;12;11;924
"Dún Laoghaire-Rathdown 05/139";870;0;36;12;22;8;9;957
"Dún Laoghaire-Rathdown 05/140";842;0;40;10;13;31;14;950
"Dún Laoghaire-Rathdown 05/141";899;0;20;5;18;4;4;950
"Dún Laoghaire-Rathdown 05/142";831;0;25;2;15;2;5;880
"Dún Laoghaire-Rathdown 05/143";809;0;50;2;14;6;6;887
"Dún Laoghaire-Rathdown 05/144";842;1;54;6;13;13;10;939
"Dún Laoghaire-Rathdown 05/145";830;0;38;14;15;3;16;916
"Dún Laoghaire-Rathdown 05/146";862;0;40;6;9;16;4;937
"Dún Laoghaire-Rathdown 05/147";837;0;54;4;31;7;23;956
"Dún Laoghaire-Rathdown 05/148";860;29;33;0;8;5;20;955
"Dún Laoghaire-Rathdown 05/149";631;1;14;0;12;11;6;675
"Dún Laoghaire-Rathdown 05/150";884;0;54;1;30;17;11;997
"Dún Laoghaire-Rathdown 05/151";788;2;35;1;5;12;6;849
"Dún Laoghaire-Rathdown 05/152";1023;6;40;9;5;17;9;1109
"Dún Laoghaire-Rathdown 05/153";821;0;40;3;12;11;23;910
"Dún Laoghaire-Rathdown 05/154";950;0;25;0;8;7;6;996
"Dún Laoghaire-Rathdown 05/155";806;0;48;1;3;5;72;935
"Dún Laoghaire-Rathdown 05/156";823;0;24;4;11;10;5;877
"Dún Laoghaire-Rathdown 05/157";755;0;45;4;13;13;7;837
"Dún Laoghaire-Rathdown 05/158";563;0;30;1;30;4;6;634
"Dún Laoghaire-Rathdown 05/159";753;0;53;0;8;23;5;842
"Dún Laoghaire-Rathdown 05/160";837;0;53;1;7;13;20;931
"Dún Laoghaire-Rathdown 05/161";750;2;37;9;10;9;10;827
"Dún Laoghaire-Rathdown 05/162";817;0;43;4;10;16;15;905
"Dún Laoghaire-Rathdown 05/163";922;5;106;7;21;13;13;1087
"Dún Laoghaire-Rathdown 05/164";664;0;83;11;21;32;25;836
"Dún Laoghaire-Rathdown 05/165";633;0;45;4;13;24;6;725
"Dún Laoghaire-Rathdown 05/166";820;0;68;8;50;31;4;981
"Dún Laoghaire-Rathdown 05/167";781;0;71;1;17;15;5;890
"Dún Laoghaire-Rathdown 05/168";941;0;60;2;2;7;1;1013
"Dún Laoghaire-Rathdown 05/169";830;0;16;4;4;10;7;871
"Dún Laoghaire-Rathdown 05/170";665;0;50;4;4;7;9;739
"Dún Laoghaire-Rathdown 05/173";1006;0;25;5;5;2;3;1046
"Dún Laoghaire-Rathdown 05/174";978;0;65;1;15;25;9;1093
"Dún Laoghaire-Rathdown 05/175";663;1;109;7;34;21;6;841
"Dún Laoghaire-Rathdown 05/176";804;0;73;0;28;33;0;938
"Dún Laoghaire-Rathdown 05/177, 05/178";1610;1;167;16;86;44;20;1944
"Dún Laoghaire-Rathdown 05/179";850;0;42;2;13;18;6;931
"Dún Laoghaire-Rathdown 05/180";564;0;107;6;28;20;59;784
"Dún Laoghaire-Rathdown 05/181";249;0;38;2;8;2;2;301
"Dún Laoghaire-Rathdown 05/182";578;0;60;1;15;8;9;671
"Dún Laoghaire-Rathdown 05/184";931;0;66;3;33;16;7;1056
"Dún Laoghaire-Rathdown 05/185";1006;22;54;4;29;16;14;1145
"Dún Laoghaire-Rathdown 05/186";895;0;59;0;19;11;8;992
"Dún Laoghaire-Rathdown 05/187";852;0;23;0;11;9;9;904
"Dún Laoghaire-Rathdown 05/188";855;0;92;9;19;21;7;1003
"Dún Laoghaire-Rathdown 05/189";980;0;85;40;34;8;10;1157
"Dún Laoghaire-Rathdown 05/190";1000;0;77;8;15;12;12;1124
"Dún Laoghaire-Rathdown 05/191";1070;1;104;9;26;34;13;1257
"Dún Laoghaire-Rathdown 05/192";789;0;45;2;39;3;1;879
"Dún Laoghaire-Rathdown 05/193";562;0;64;2;16;10;1;655
"Dún Laoghaire-Rathdown 05/194";864;0;29;1;5;4;8;911
"Dún Laoghaire-Rathdown 05/196";384;0;29;2;4;8;3;430
"Dún Laoghaire-Rathdown 05/197";361;0;140;3;30;20;1;555
"Dún Laoghaire-Rathdown 05/198";821;5;155;3;24;14;6;1028
"Dún Laoghaire-Rathdown 05/200";368;0;43;5;9;18;2;445
"Dún Laoghaire-Rathdown 05/201";596;0;76;6;31;8;8;725
"Dún Laoghaire-Rathdown 05/202";440;0;128;8;40;13;16;645
"Dún Laoghaire-Rathdown 05/203";605;0;75;9;8;11;8;716
"Dún Laoghaire-Rathdown 05/204";863;0;112;2;11;9;23;1020
"Dún Laoghaire-Rathdown 05/205";671;0;65;5;15;22;31;809
"Cork City and Suburbs  ";158810;717;12515;2023;2417;2015;3487;181984
"Cork City 17 ";101954;561;8268;904;1528;1292;2715;117222
"Cork City 17/001";740;0;18;0;13;1;3;775
"Cork City 17/002";712;0;38;1;5;4;3;763
"Cork City 17/003";705;0;38;11;20;9;1;784
"Cork City 17/004";556;0;73;15;100;26;7;777
"Cork City 17/005";802;2;58;1;38;8;1;910
"Cork City 17/006, 17/008";1654;7;30;2;3;12;85;1793
"Cork City 17/009";967;2;13;1;0;5;32;1020
"Cork City 17/010";792;0;34;1;0;3;10;840
"Cork City 17/011";835;3;10;3;5;1;4;861
"Cork City 17/012";840;4;10;2;0;7;14;877
"Cork City 17/013";994;7;97;6;14;15;42;1175
"Cork City 17/014";716;0;83;11;34;18;7;869
"Cork City 17/015, 17/124";1679;0;132;27;20;11;7;1876
"Cork City 17/016";952;7;37;7;7;9;8;1027
"Cork City 17/017";766;0;30;0;6;3;4;809
"Cork City 17/018";805;0;28;0;0;2;3;838
"Cork City 17/019";712;1;32;1;1;3;8;758
"Cork City 17/020";910;0;38;0;12;9;1;970
"Cork City 17/021";785;0;79;7;10;8;8;897
"Cork City 17/022";1060;0;38;11;0;10;2;1121
"Cork City 17/023";921;0;26;1;8;11;8;975
"Cork City 17/024";984;80;102;43;15;19;25;1268
"Cork City 17/025";927;11;19;7;1;3;18;986
"Cork City 17/026";1003;20;45;10;13;7;23;1121
"Cork City 17/027";1002;8;22;5;1;16;24;1078
"Cork City 17/028";717;0;34;7;3;6;15;782
"Cork City 17/029";706;7;39;9;1;9;4;775
"Cork City 17/030";1117;0;38;7;2;18;8;1190
"Cork City 17/031";994;1;95;20;7;17;18;1152
"Cork City 17/032";912;0;47;2;11;16;8;996
"Cork City 17/033";858;0;35;1;9;5;3;911
"Cork City 17/034";688;0;81;1;9;3;11;793
"Cork City 17/035";506;0;114;17;9;11;13;670
"Cork City 17/036";698;0;34;7;30;17;7;793
"Cork City 17/037";914;4;149;12;22;11;24;1136
"Cork City 17/038";577;0;62;1;16;3;14;673
"Cork City 17/039";623;1;10;2;1;12;13;662
"Cork City 17/040";480;0;102;4;12;13;11;622
"Cork City 17/041";504;0;144;9;15;17;14;703
"Cork City 17/042";622;0;24;0;4;2;3;655
"Cork City 17/043";679;0;11;0;1;4;4;699
"Cork City 17/044";1065;4;10;0;6;1;3;1089
"Cork City 17/045";791;0;6;0;1;9;13;820
"Cork City 17/046";739;0;36;3;3;7;6;794
"Cork City 17/047";903;0;40;0;9;2;10;964
"Cork City 17/048";811;0;67;6;5;15;11;915
"Cork City 17/049";644;0;79;3;22;4;14;766
"Cork City 17/050";679;0;10;1;8;0;13;711
"Cork City 17/051";621;0;25;1;1;13;10;671
"Cork City 17/052";638;0;50;1;7;13;17;726
"Cork City 17/053";611;0;43;2;10;3;8;677
"Cork City 17/054";608;1;39;2;10;11;63;734
"Cork City 17/055";437;0;25;2;5;3;30;502
"Cork City 17/056,17/007";1353;0;72;7;67;10;7;1516
"Cork City 17/057";920;0;66;3;17;11;242;1259
"Cork City 17/058";1004;0;37;0;12;8;10;1071
"Cork City 17/059";714;0;46;2;24;4;1;791
"Cork City 17/060";866;0;43;2;7;5;8;931
"Cork City 17/061";978;5;49;1;1;1;1;1036
"Cork City 17/062";829;0;59;3;13;10;4;918
"Cork City 17/063";1092;1;32;2;17;3;17;1164
"Cork City 17/064";647;41;41;0;12;2;9;752
"Cork City 17/065";368;0;94;5;36;6;5;514
"Cork City 17/066";917;2;91;8;21;20;40;1099
"Cork City 17/067";506;0;78;7;16;16;38;661
"Cork City 17/068";472;1;105;10;30;7;5;630
"Cork City 17/069";392;3;286;7;38;29;120;875
"Cork City 17/070";437;1;235;2;41;33;20;769
"Cork City 17/071";428;2;218;9;54;37;86;834
"Cork City 17/072";316;2;106;1;19;11;34;489
"Cork City 17/073";663;1;84;3;5;7;42;805
"Cork City 17/074";647;0;110;4;10;9;19;799
"Cork City 17/075";846;77;25;4;2;0;10;964
"Cork City 17/076";1196;1;34;4;5;5;7;1252
"Cork City 17/077";1068;3;9;0;1;3;2;1086
"Cork City 17/078";1021;20;5;0;0;0;7;1053
"Cork City 17/079";1114;6;9;1;1;3;21;1155
"Cork City 17/080";780;0;3;1;1;5;31;821
"Cork City 17/081";951;6;7;0;5;7;2;978
"Cork City 17/082";912;0;5;3;2;0;22;944
"Cork City 17/083";756;0;20;1;3;0;7;787
"Cork City 17/084";650;0;39;8;3;1;8;709
"Cork City 17/085";710;0;52;5;4;3;12;786
"Cork City 17/086";780;7;15;1;1;0;11;815
"Cork City 17/087";808;0;17;0;0;2;24;851
"Cork City 17/088";782;2;12;2;3;7;21;829
"Cork City 17/089";675;0;22;1;2;5;2;707
"Cork City 17/090";861;13;12;3;0;3;28;920
"Cork City 17/091";672;0;76;17;0;18;7;790
"Cork City 17/092";537;1;100;36;9;12;6;701
"Cork City 17/093";667;0;223;23;7;22;6;948
"Cork City 17/094";397;0;62;11;9;6;81;566
"Cork City 17/095";633;1;92;24;12;23;24;809
"Cork City 17/096";362;1;230;3;26;16;67;705
"Cork City 17/097";373;1;165;40;6;20;56;661
"Cork City 17/098";568;1;102;23;18;27;51;790
"Cork City 17/099";593;0;132;11;13;15;32;796
"Cork City 17/100";185;0;135;21;14;16;15;386
"Cork City 17/101";480;0;51;2;6;11;7;557
"Cork City 17/102";602;0;77;9;3;7;6;704
"Cork City 17/103";616;0;62;3;7;17;3;708
"Cork City 17/104";389;2;167;31;15;7;16;627
"Cork City 17/105";1415;5;65;10;13;10;13;1531
"Cork City 17/106";1022;2;15;1;2;15;14;1071
"Cork City 17/107";909;3;39;0;29;7;66;1053
"Cork City 17/108";896;4;23;0;25;11;11;970
"Cork City 17/109";852;0;36;2;11;8;9;918
"Cork City 17/110";680;1;13;2;2;11;20;729
"Cork City 17/111";1112;20;17;7;3;14;24;1197
"Cork City 17/112";918;1;32;5;1;7;10;974
"Cork City 17/113";789;18;42;8;2;9;136;1004
"Cork City 17/114";896;23;30;2;6;8;48;1013
"Cork City 17/115";1093;0;50;0;6;10;17;1176
"Cork City 17/116";1059;65;18;9;11;18;34;1214
"Cork City 17/117";1000;0;13;0;1;1;9;1024
"Cork City 17/118";661;15;114;19;1;8;0;818
"Cork City 17/119";604;1;64;81;0;13;46;809
"Cork City 17/120";796;0;5;0;1;5;13;820
"Cork City 17/121";991;10;5;1;0;3;11;1021
"Cork City 17/122";994;12;42;1;6;3;15;1073
"Cork City 17/123";514;0;110;18;43;9;2;696
"Cork City 17/125";921;0;40;2;6;4;3;976
"Cork City 17/126";698;1;25;1;1;9;7;742
"Cork City 17/127";1121;0;56;8;22;11;11;1229
"Cork City 17/128";446;1;191;2;33;21;20;714
"Cork City 17/129";639;0;52;8;5;9;51;764
"Cork City 17/130";963;2;39;5;8;2;12;1031
"Cork City 17/131";554;1;72;18;1;20;6;672
"Cork City 17/132";452;1;131;4;35;21;5;649
"Cork City 17/133";543;4;122;4;5;22;9;709
"Cork City 17/134";396;0;324;21;32;32;72;877
"Cork City 17/135";526;0;92;8;34;16;5;681
"Cork Suburbs 18 ";56856;156;4247;1119;889;723;772;64762
"Cork Suburbs 18/184";946;0;19;0;1;11;3;980
"Cork Suburbs 18/185";815;0;71;25;25;14;10;960
"Cork Suburbs 18/186";954;0;100;31;7;8;22;1122
"Cork Suburbs 18/187";998;0;54;0;10;8;12;1082
"Cork Suburbs 18/188";904;0;106;27;17;11;4;1069
"Cork Suburbs 18/189";990;0;80;9;5;18;2;1104
"Cork Suburbs 18/190";1119;4;59;29;3;6;28;1248
"Cork Suburbs 18/191";1043;0;121;63;23;16;25;1291
"Cork Suburbs 18/192";800;0;58;4;17;8;13;900
"Cork Suburbs 18/193";1035;2;51;23;4;5;6;1126
"Cork Suburbs 18/194";1049;2;66;15;8;12;16;1168
"Cork Suburbs 18/196";772;4;124;51;2;10;5;968
"Cork Suburbs 18/197";1078;12;38;8;7;7;9;1159
"Cork Suburbs 18/198";994;0;69;5;7;12;3;1090
"Cork Suburbs 18/199";711;0;58;5;16;7;25;822
"Cork Suburbs 18/200";614;0;89;6;35;21;9;774
"Cork Suburbs 18/201";1124;0;36;3;1;6;6;1176
"Cork Suburbs 18/202";999;0;47;6;2;5;12;1071
"Cork Suburbs 18/203";1260;0;41;13;7;27;9;1357
"Cork Suburbs 18/204";981;0;70;18;22;11;21;1123
"Cork Suburbs 18/205";1053;0;58;0;13;12;10;1146
"Cork Suburbs 18/206";951;1;17;2;5;6;6;988
"Cork Suburbs 18/207";844;1;111;41;13;11;10;1031
"Cork Suburbs 18/208";586;0;114;46;48;24;20;838
"Cork Suburbs 18/210";926;0;37;3;3;17;9;995
"Cork Suburbs 18/211";906;0;107;26;6;4;9;1058
"Cork Suburbs 18/212";1035;6;60;15;8;8;6;1138
"Cork Suburbs 18/213";889;4;66;13;56;28;13;1069
"Cork Suburbs 18/214";933;0;97;2;32;35;13;1112
"Cork Suburbs 18/215";858;31;125;151;22;17;83;1287
"Cork Suburbs 18/220";894;0;172;65;13;19;37;1200
"Cork Suburbs 18/222";1099;3;50;4;0;7;5;1168
"Cork Suburbs 18/223";1205;0;69;30;23;4;11;1342
"Cork Suburbs 18/225";762;0;58;0;1;7;4;832
"Cork Suburbs 18/226";1144;0;21;2;1;6;22;1196
"Cork Suburbs 18/227";1166;6;42;8;0;10;24;1256
"Cork Suburbs 18/228";1110;5;31;2;1;8;8;1165
"Cork Suburbs 18/229";1020;38;17;5;2;9;22;1113
"Cork Suburbs 18/230";1187;0;41;2;2;9;7;1248
"Cork Suburbs 18/296";961;0;43;12;5;10;12;1043
"Cork Suburbs 18/297";913;0;102;30;15;21;12;1093
"Cork Suburbs 18/298";882;0;69;28;7;3;1;990
"Cork Suburbs 18/299";1187;0;52;2;12;11;4;1268
"Cork Suburbs 18/300";929;0;53;15;34;30;3;1064
"Cork Suburbs 18/301";730;0;81;45;58;13;18;945
"Cork Suburbs 18/303";1169;0;58;7;2;8;11;1255
"Cork Suburbs 18/304";1060;1;71;27;8;16;3;1186
"Cork Suburbs 18/306";1074;2;40;1;2;13;12;1144
"Cork Suburbs 18/308";1218;14;52;9;4;1;24;1322
"Cork Suburbs 18/316";893;0;38;4;5;7;2;949
"Cork Suburbs 18/317";596;0;117;19;41;15;21;809
"Cork Suburbs 18/322";998;2;71;27;3;8;11;1120
"Cork Suburbs 18/339";742;3;81;48;12;19;4;909
"Cork Suburbs 18/340";387;0;125;31;68;18;23;652
"Cork Suburbs 18/341";611;0;128;23;43;16;8;829
"Cork Suburbs 18/343";599;0;81;10;12;4;0;706
"Cork Suburbs 18/344";623;0;108;1;33;6;3;774
"Cork Suburbs 18/345";1001;3;88;12;6;22;11;1143
"Cork Suburbs 18/346";448;0;71;2;35;13;4;573
"Cork Suburbs 18/347";897;2;43;8;13;2;14;979
"Cork Suburbs 18/348";1184;10;25;0;3;3;12;1237
"Limerick City and Suburbs  ";73979;354;6566;1203;1500;983;1146;85731
"Limerick City 20 ";45349;271;3810;531;739;545;641;51886
"Limerick City 20/001";970;0;78;6;18;15;5;1092
"Limerick City 20/002";793;0;34;1;5;5;4;842
"Limerick City 20/003";942;0;33;0;4;2;0;981
"Limerick City 20/004";689;0;167;4;27;12;5;904
"Limerick City 20/005";385;1;202;25;57;24;30;724
"Limerick City 20/006";968;1;63;16;4;17;19;1088
"Limerick City 20/007";705;0;20;8;3;3;14;753
"Limerick City 20/008";860;0;27;0;15;13;16;931
"Limerick City 20/009";936;0;23;1;9;4;2;975
"Limerick City 20/010";753;0;18;1;0;5;5;782
"Limerick City 20/011";777;0;13;0;9;3;6;808
"Limerick City 20/013, 20/012";1368;0;290;21;42;37;85;1843
"Limerick City 20/014";649;0;132;22;34;15;6;858
"Limerick City 20/015";684;0;6;0;5;3;20;718
"Limerick City 20/016";859;40;8;0;3;1;6;917
"Limerick City 20/017";539;4;13;0;1;3;6;566
"Limerick City 20/018";738;9;17;3;5;2;12;786
"Limerick City 20/019";558;0;14;0;1;11;8;592
"Limerick City 20/020";924;10;1;0;2;1;17;955
"Limerick City 20/021";715;5;9;0;0;2;5;736
"Limerick City 20/022";769;0;2;0;0;0;2;773
"Limerick City 20/023";814;1;11;3;0;2;31;862
"Limerick City 20/024";494;0;18;3;24;5;8;552
"Limerick City 20/025";522;2;207;30;30;29;15;835
"Limerick City 20/026";756;0;62;13;12;5;2;850
"Limerick City 20/027";868;9;10;0;2;2;12;903
"Limerick City 20/028";825;0;7;6;8;2;13;861
"Limerick City 20/029";736;0;58;6;7;11;7;825
"Limerick City 20/030";871;0;22;1;6;4;4;908
"Limerick City 20/031";966;0;72;54;31;8;3;1134
"Limerick City 20/032";216;1;173;8;44;23;23;488
"Limerick City 20/033";264;0;85;28;18;7;11;413
"Limerick City 20/034";839;0;94;0;17;10;0;960
"Limerick City 20/035";1041;0;49;7;5;9;2;1113
"Limerick City 20/036, 20/037";1731;0;61;5;5;19;10;1831
"Limerick City 20/038";943;0;22;9;2;3;2;981
"Limerick City 20/039";1041;1;43;3;10;3;3;1104
"Limerick City 20/040";761;5;79;2;33;3;11;894
"Limerick City 20/041, 20/042";1465;0;64;3;12;15;10;1569
"Limerick City 20/043";811;60;7;1;4;9;3;895
"Limerick City 20/044";813;0;8;0;0;8;15;844
"Limerick City 20/045";850;1;19;1;10;12;9;902
"Limerick City 20/046";858;0;19;2;1;7;5;892
"Limerick City 20/047";775;7;19;0;1;6;8;816
"Limerick City 20/048";956;1;2;0;0;1;6;966
"Limerick City 20/049";853;0;11;0;1;6;30;901
"Limerick City 20/050";630;0;144;12;5;19;10;820
"Limerick City 20/051";661;14;71;15;27;11;12;811
"Limerick City 20/052";898;22;115;12;11;6;11;1075
"Limerick City 20/053";1068;27;38;0;13;4;6;1156
"Limerick City 20/054";1210;24;34;4;0;6;4;1282
"Limerick City 20/055";821;22;64;3;8;14;8;940
"Limerick City 20/056";402;0;124;58;26;42;32;684
"Limerick City 20/057";769;2;51;6;4;10;14;856
"Limerick City 20/058";228;0;536;89;89;29;6;977
"Limerick City 20/059";809;0;43;1;3;4;12;872
"Limerick City 20/060";203;2;198;38;26;13;10;490
"Limerick Suburbs 21 ";28630;83;2756;672;761;438;505;33845
"Limerick Suburbs 21/080";865;3;17;3;4;10;34;936
"Limerick Suburbs 21/081";963;0;25;6;4;8;33;1039
"Limerick Suburbs 21/082";968;1;25;13;5;12;21;1045
"Limerick Suburbs 21/083";804;0;44;7;21;6;12;894
"Limerick Suburbs 21/084";732;8;48;3;3;6;10;810
"Limerick Suburbs 21/086";707;1;70;26;31;7;12;854
"Limerick Suburbs 21/087";1032;0;55;46;20;10;84;1247
"Limerick Suburbs 21/088";903;0;111;21;17;13;9;1074
"Limerick Suburbs 21/089";1062;0;57;8;17;9;19;1172
"Limerick Suburbs 21/090";954;0;85;14;12;15;10;1090
"Limerick Suburbs 21/091";782;0;114;50;25;9;12;992
"Limerick Suburbs 21/092";648;12;106;45;44;21;14;890
"Limerick Suburbs 21/093";791;0;76;26;19;7;9;928
"Limerick Suburbs 21/097";1165;0;66;10;12;4;7;1264
"Limerick Suburbs 21/098";1163;0;47;0;14;17;11;1252
"Limerick Suburbs 21/099";867;0;68;10;14;3;1;963
"Limerick Suburbs 21/113";798;1;119;38;21;15;10;1002
"Limerick Suburbs 21/114";583;0;86;8;12;9;11;709
"Limerick Suburbs 21/115";1122;1;82;4;20;8;9;1246
"Limerick Suburbs 21/117";777;10;127;26;32;13;10;995
"Limerick Suburbs 21/119";704;0;144;97;69;31;26;1071
"Limerick Suburbs 21/120";733;0;61;20;32;24;19;889
"Limerick Suburbs 21/123";647;0;31;8;1;4;4;695
"Limerick Suburbs 21/124";652;22;54;1;5;6;2;742
"Limerick Suburbs 21/125";743;0;78;19;32;21;3;896
"Limerick Suburbs 21/126";562;0;245;61;119;48;20;1055
"Limerick Suburbs 21/127";720;2;85;15;14;17;10;863
"Limerick Suburbs 21/128";516;0;30;6;16;5;7;580
"Limerick Suburbs 21/129";729;2;151;24;9;15;13;943
"Limerick Suburbs 21/130";480;0;31;6;14;9;3;543
"Limerick Suburbs 21/131";720;15;144;15;41;26;10;971
"Limerick Suburbs 21/132";395;2;71;15;12;3;9;507
"Limerick Suburbs 21/133";287;0;40;4;23;2;11;367
"Limerick Suburbs in Clare 16/066";524;0;17;0;2;1;5;549
"Limerick Suburbs in Clare 16/068";915;0;48;5;9;12;9;998
"Limerick Suburbs in Clare 16/100";620;2;61;10;11;5;0;709
"Limerick Suburbs in Clare 16/113";997;1;37;2;5;7;16;1065
"Waterford City and Suburbs  ";41439;306;2953;907;638;521;1244;48008
"Waterford City 24 ";38887;300;2779;844;626;488;1185;45109
"Waterford City 24/001";867;1;25;3;3;7;29;935
"Waterford City 24/002";932;1;19;19;0;2;15;988
"Waterford City 24/003";887;14;13;8;0;9;23;954
"Waterford City 24/005";963;71;23;15;3;10;13;1098
"Waterford City 24/006, 24/004";1992;27;100;74;21;15;125;2354
"Waterford City 24/007";611;1;59;15;3;4;22;715
"Waterford City 24/008";1180;0;57;9;12;19;17;1294
"Waterford City 24/009";1018;4;89;26;9;10;41;1197
"Waterford City 24/010";914;0;45;0;2;5;11;977
"Waterford City 24/011";881;0;51;81;9;6;23;1051
"Waterford City 24/012";1043;1;32;8;2;5;25;1116
"Waterford City 24/013";929;25;51;10;10;23;28;1076
"Waterford City 24/014";928;17;86;9;4;13;37;1094
"Waterford City 24/015";694;0;36;9;3;3;2;747
"Waterford City 24/016";554;14;110;46;7;18;17;766
"Waterford City 24/018, 24/017";1087;0;322;102;56;34;94;1695
"Waterford City 24/019";745;0;16;1;2;1;17;782
"Waterford City 24/020";986;0;20;0;2;6;21;1035
"Waterford City 24/021";993;1;25;0;4;3;1;1027
"Waterford City 24/022";1009;0;39;16;0;2;11;1077
"Waterford City 24/023";832;0;15;7;19;2;17;892
"Waterford City 24/024";707;0;37;11;1;2;25;783
"Waterford City 24/025";266;2;98;53;15;16;66;516
"Waterford City 24/026";531;0;59;6;9;19;85;709
"Waterford City 24/027";512;2;83;18;7;2;21;645
"Waterford City 24/029, 24/028";1778;11;102;44;2;23;61;2021
"Waterford City 24/030";957;0;35;3;3;3;10;1011
"Waterford City 24/031";933;5;61;9;14;12;6;1040
"Waterford City 24/032";723;0;61;11;9;8;17;829
"Waterford City 24/033";787;0;85;39;15;13;48;987
"Waterford City 24/034";677;0;37;9;4;13;6;746
"Waterford City 24/035";925;0;77;13;24;39;31;1109
"Waterford City 24/036";754;5;18;0;1;4;22;804
"Waterford City 24/037";892;1;87;15;50;9;14;1068
"Waterford City 24/038";591;0;112;4;91;23;11;832
"Waterford City 24/039";842;0;81;26;106;18;22;1095
"Waterford City 24/040";842;0;24;3;1;11;28;909
"Waterford City 24/041";794;1;18;4;7;2;3;829
"Waterford City 24/042";745;4;53;2;1;6;5;816
"Waterford City 24/043";501;1;32;17;0;4;21;576
"Waterford City 24/044";649;0;49;15;6;4;20;743
"Waterford City 24/045";833;2;31;13;0;8;3;890
"Waterford City 24/046";519;89;59;13;23;3;6;712
"Waterford City 24/047";362;0;153;25;31;18;37;626
"Waterford City 24/048";842;0;51;27;30;26;15;991
"Waterford City 24/049";880;0;43;6;5;5;13;952
"Waterford Suburbs 07 ";2552;6;174;63;12;33;59;2899
"Waterford Suburbs in Kilkenny 07/048";1075;6;58;16;8;7;34;1204
"Waterford Suburbs in Kilkenny 07/086";695;0;79;35;1;24;13;847
"Waterford Suburbs in Kilkenny 07/087";782;0;37;12;3;2;12;848
"Galway City and Suburbs  ";55037;1188;7794;1998;1227;1166;1397;69807
"Galway City 26 ";55037;1188;7794;1998;1227;1166;1397;69807
"Galway City 26/001";995;165;70;18;0;18;23;1289
"Galway City 26/002";917;193;84;49;5;42;33;1323
"Galway City 26/003";706;82;76;13;1;33;25;936
"Galway City 26/004";813;14;205;26;6;13;8;1085
"Galway City 26/005";1121;34;60;24;2;27;19;1287
"Galway City 26/006";681;7;308;19;42;35;3;1095
"Galway City 26/007";696;0;183;10;26;23;6;944
"Galway City 26/008";578;5;133;7;4;10;17;754
"Galway City 26/009";952;3;143;12;8;7;2;1127
"Galway City 26/010, 26/013";1538;10;240;9;34;11;12;1854
"Galway City 26/011";588;9;41;1;0;5;1;645
"Galway City 26/012";751;9;77;15;4;15;6;877
"Galway City 26/014";661;0;128;26;19;13;52;899
"Galway City 26/015";696;6;60;5;11;10;41;829
"Galway City 26/016";912;0;60;1;4;2;8;987
"Galway City 26/017";949;1;89;9;5;13;29;1095
"Galway City 26/018";711;0;270;4;41;21;41;1088
"Galway City 26/019";641;0;94;1;10;13;54;813
"Galway City 26/020";681;4;114;0;26;6;1;832
"Galway City 26/021";610;0;123;1;32;19;81;866
"Galway City 26/022";751;6;72;1;14;13;12;869
"Galway City 26/023";566;0;62;0;4;17;14;663
"Galway City 26/024";644;0;33;0;0;4;9;690
"Galway City 26/025";710;0;80;0;15;8;11;824
"Galway City 26/026";571;0;90;1;9;14;21;706
"Galway City 26/027";533;57;128;2;17;7;14;758
"Galway City 26/028";731;0;55;6;15;16;7;830
"Galway City 26/029";547;16;104;18;37;14;18;754
"Galway City 26/030";721;4;42;0;19;7;24;817
"Galway City 26/031";1088;5;79;8;22;17;52;1271
"Galway City 26/032";762;38;24;0;4;4;4;836
"Galway City 26/033";806;1;38;2;41;14;4;906
"Galway City 26/034";805;0;40;6;11;11;9;882
"Galway City 26/035";794;2;84;11;29;20;16;956
"Galway City 26/036";752;23;71;8;16;8;15;893
"Galway City 26/037";638;110;73;33;7;19;20;900
"Galway City 26/038";668;98;75;16;23;10;25;915
"Galway City 26/040";920;0;84;0;2;7;14;1027
"Galway City 26/041, 26/039";1334;0;169;14;13;19;22;1571
"Galway City 26/042";398;0;178;114;26;24;51;791
"Galway City 26/043";794;7;209;39;8;31;14;1102
"Galway City 26/044";946;0;93;33;23;14;15;1124
"Galway City 26/045";876;0;107;32;17;17;3;1052
"Galway City 26/046";773;0;69;34;28;12;8;924
"Galway City 26/047";770;18;110;17;18;11;6;950
"Galway City 26/048";894;0;40;21;3;4;16;978
"Galway City 26/049";687;48;116;81;3;14;36;985
"Galway City 26/050";787;116;182;56;4;32;0;1177
"Galway City 26/051";858;1;161;62;53;12;39;1186
"Galway City 26/052, 26/065";838;23;112;1;24;22;76;1096
"Galway City 26/053";656;29;155;9;58;14;71;992
"Galway City 26/054";773;0;62;5;26;12;1;879
"Galway City 26/055";709;7;145;71;27;30;17;1006
"Galway City 26/056";582;0;177;60;54;24;7;904
"Galway City 26/057";912;0;49;3;5;14;9;992
"Galway City 26/058";687;1;56;42;11;10;3;810
"Galway City 26/059";770;0;25;1;0;2;14;812
"Galway City 26/060";648;0;109;78;5;17;23;880
"Galway City 26/061";1122;18;42;10;7;14;24;1237
"Galway City 26/062";752;10;102;55;13;14;17;963
"Galway City 26/063";635;0;207;21;9;41;10;923
"Galway City 26/064";732;0;70;1;18;12;3;836
"Galway City 26/066";884;8;83;13;15;14;18;1035
"Galway City 26/067";504;0;102;4;31;21;14;676
"Galway City 26/068";534;0;192;27;8;26;17;804
"Galway City 26/069";486;0;41;10;18;13;7;575
"Galway City 26/070";868;0;71;58;26;30;14;1067
"Galway City 26/071";695;0;87;54;7;22;7;872
"Galway City 26/072";746;0;83;40;48;11;18;946
"Galway City 26/073";388;0;210;245;10;16;9;878
"Galway City 26/074";488;0;194;151;13;18;20;884
"Galway City 26/075";512;0;122;94;21;18;24;791
"Galway City 26/076";795;0;72;80;12;15;13;987
