"Theme 2 - 2 : Persons usually resident and present in the State on Census Night, classified by nationality, 2006";;;;;;;;
"Geographic Area";"Irish";"UK";"Polish";"Lithuanian";"Other EU25";"Rest of World";"Not Stated";"Total"
"Dublin City and Suburbs  ";854717;17328;17641;6364;27512;63587;16115;1003264
"Dublin City 02  ";406916;8310;10736;2637;17567;34739;10650;491555
"Dublin City 02/001";1382;16;7;2;3;13;16;1439
"Dublin City 02/002";1002;9;0;0;3;6;11;1031
"Dublin City 02/003";969;4;2;0;3;4;12;994
"Dublin City 02/004";775;3;6;5;5;14;7;815
"Dublin City 02/005";739;5;4;2;14;16;23;803
"Dublin City 02/006";954;5;8;0;1;27;12;1007
"Dublin City 02/007";912;12;14;7;13;19;32;1009
"Dublin City 02/008";1020;5;11;0;7;5;19;1067
"Dublin City 02/009";1076;10;4;1;9;10;3;1113
"Dublin City 02/010";903;12;10;0;8;18;4;955
"Dublin City 02/011";830;6;17;2;9;7;12;883
"Dublin City 02/012";871;22;21;0;14;7;6;941
"Dublin City 02/013";881;3;11;4;19;8;3;929
"Dublin City 02/014";949;13;18;1;11;15;5;1012
"Dublin City 02/015";1083;4;3;3;12;18;8;1131
"Dublin City 02/016";856;11;13;0;11;20;18;929
"Dublin City 02/017";1243;21;0;0;1;2;19;1286
"Dublin City 02/018";939;10;2;0;0;0;48;999
"Dublin City 02/019";951;14;0;0;3;12;33;1013
"Dublin City 02/020";518;14;72;18;52;40;6;720
"Dublin City 02/021";1039;23;64;16;22;28;18;1210
"Dublin City 02/022";1195;23;0;0;7;8;34;1267
"Dublin City 02/023";1114;13;0;0;4;9;21;1161
"Dublin City 02/024";818;20;123;27;45;92;67;1192
"Dublin City 02/025";288;3;0;0;1;5;4;301
"Dublin City 02/026";785;14;11;0;10;25;28;873
"Dublin City 02/027";803;5;0;0;11;17;10;846
"Dublin City 02/028";822;4;17;2;19;33;14;911
"Dublin City 02/029";864;7;9;2;9;10;7;908
"Dublin City 02/030";899;10;13;3;24;25;8;982
"Dublin City 02/031";768;3;6;5;13;7;4;806
"Dublin City 02/032";869;9;14;6;20;5;53;976
"Dublin City 02/033";998;8;7;0;13;14;2;1042
"Dublin City 02/034";1016;11;16;7;31;25;7;1113
"Dublin City 02/035";811;9;27;0;11;14;14;886
"Dublin City 02/036";864;11;8;3;25;9;19;939
"Dublin City 02/037";1149;16;7;6;14;31;7;1230
"Dublin City 02/038";881;3;0;4;2;5;7;902
"Dublin City 02/039";1074;10;0;0;6;13;7;1110
"Dublin City 02/040";947;10;0;6;3;6;12;984
"Dublin City 02/041";891;3;3;0;3;1;18;919
"Dublin City 02/042";1120;9;4;0;7;18;4;1162
"Dublin City 02/043";961;11;5;8;7;14;12;1018
"Dublin City 02/044";874;10;8;3;4;15;4;918
"Dublin City 02/045";733;4;4;5;4;5;28;783
"Dublin City 02/046";885;11;0;2;1;16;25;940
"Dublin City 02/047";858;6;2;0;1;13;1;881
"Dublin City 02/048";916;7;0;1;1;7;9;941
"Dublin City 02/049";920;11;0;0;2;7;16;956
"Dublin City 02/050";1173;2;3;0;3;41;37;1259
"Dublin City 02/051";1246;14;0;0;4;9;8;1281
"Dublin City 02/052";1546;28;46;24;17;52;42;1755
"Dublin City 02/053";1518;16;0;0;1;32;35;1602
"Dublin City 02/054";918;17;0;0;1;3;6;945
"Dublin City 02/055";807;4;0;0;4;13;5;833
"Dublin City 02/056";881;5;6;0;5;4;7;908
"Dublin City 02/057";805;9;29;6;11;52;46;958
"Dublin City 02/058";799;8;11;0;9;3;8;838
"Dublin City 02/059";915;10;8;9;6;16;1;965
"Dublin City 02/060";908;11;20;1;6;40;12;998
"Dublin City 02/061";782;6;7;0;3;35;12;845
"Dublin City 02/062";797;13;6;7;9;24;4;860
"Dublin City 02/063";961;10;34;10;13;197;8;1233
"Dublin City 02/064";806;2;6;8;17;70;13;922
"Dublin City 02/065";802;6;30;0;10;57;9;914
"Dublin City 02/066";484;12;40;5;11;31;11;594
"Dublin City 02/067";721;8;20;2;8;20;21;800
"Dublin City 02/068";475;21;89;0;27;38;8;658
"Dublin City 02/069";317;11;20;7;8;13;4;380
"Dublin City 02/070";783;11;0;0;0;7;13;814
"Dublin City 02/071";447;15;5;4;3;22;3;499
"Dublin City 02/072";869;3;0;0;6;10;5;893
"Dublin City 02/073";946;7;5;0;2;6;4;970
"Dublin City 02/074";928;4;7;0;0;18;16;973
"Dublin City 02/075";523;36;29;9;38;72;3;710
"Dublin City 02/076";504;25;27;10;38;43;4;651
"Dublin City 02/077";662;12;47;7;44;68;8;848
"Dublin City 02/078";644;7;6;1;14;30;4;706
"Dublin City 02/079";805;11;37;16;11;24;6;910
"Dublin City 02/080";502;13;21;5;27;40;10;618
"Dublin City 02/081";934;7;9;3;15;34;5;1007
"Dublin City 02/082";832;3;23;0;16;27;12;913
"Dublin City 02/083";822;6;7;0;4;37;11;887
"Dublin City 02/084";889;12;2;6;6;26;21;962
"Dublin City 02/085";901;9;3;0;6;13;7;939
"Dublin City 02/086";727;8;7;0;10;45;6;803
"Dublin City 02/087";957;13;22;2;7;36;7;1044
"Dublin City 02/088";655;3;20;2;6;31;10;727
"Dublin City 02/089";674;10;10;5;4;20;2;725
"Dublin City 02/090";711;9;5;6;5;32;5;773
"Dublin City 02/091";826;12;0;2;7;26;16;889
"Dublin City 02/092";831;8;10;1;9;19;8;886
"Dublin City 02/093";931;8;36;0;33;87;4;1099
"Dublin City 02/094";832;9;16;6;20;33;1;917
"Dublin City 02/095";986;14;6;6;12;41;14;1079
"Dublin City 02/096";790;7;18;3;12;9;10;849
"Dublin City 02/097";636;9;4;0;12;23;1;685
"Dublin City 02/098";626;3;15;8;9;12;6;679
"Dublin City 02/099";974;8;9;1;15;21;10;1038
"Dublin City 02/100";897;5;14;0;17;17;21;971
"Dublin City 02/101";872;4;9;0;5;26;19;935
"Dublin City 02/102";881;12;0;0;4;11;6;914
"Dublin City 02/103";799;10;16;2;3;13;5;848
"Dublin City 02/104";922;3;18;7;9;11;7;977
"Dublin City 02/105";864;6;10;0;9;28;7;924
"Dublin City 02/106";852;14;19;0;5;9;0;899
"Dublin City 02/107";734;9;14;0;20;27;5;809
"Dublin City 02/108, 02/560";1613;21;12;3;28;56;16;1749
"Dublin City 02/109";727;14;2;1;14;17;3;778
"Dublin City 02/110";751;6;6;0;15;28;5;811
"Dublin City 02/111";557;10;13;2;28;31;2;643
"Dublin City 02/112";692;10;16;2;23;44;3;790
"Dublin City 02/113";444;9;8;5;26;55;8;555
"Dublin City 02/114";401;16;8;0;20;20;6;471
"Dublin City 02/115";481;13;12;0;20;48;1;575
"Dublin City 02/116";566;8;3;0;11;27;9;624
"Dublin City 02/117";430;14;4;7;28;39;3;525
"Dublin City 02/118";566;8;1;1;13;21;1;611
"Dublin City 02/119";628;12;1;2;7;25;5;680
"Dublin City 02/120";692;8;10;2;15;24;9;760
"Dublin City 02/121";632;13;8;0;10;30;2;695
"Dublin City 02/122";848;14;1;0;5;10;2;880
"Dublin City 02/123";821;12;13;2;10;23;3;884
"Dublin City 02/124";760;16;1;0;5;12;6;800
"Dublin City 02/125";687;15;6;1;11;37;2;759
"Dublin City 02/126";1230;76;15;1;56;167;7;1552
"Dublin City 02/127";888;13;6;0;8;37;10;962
"Dublin City 02/128";443;22;6;1;24;30;4;530
"Dublin City 02/129";638;12;11;9;37;54;1;762
"Dublin City 02/130";472;11;7;0;22;39;7;558
"Dublin City 02/131";384;20;12;0;42;46;9;513
"Dublin City 02/132";385;14;8;0;21;51;6;485
"Dublin City 02/133";507;14;13;1;24;62;6;627
"Dublin City 02/134";468;12;8;1;28;35;2;554
"Dublin City 02/135";347;13;19;8;24;54;2;467
"Dublin City 02/136";296;11;15;5;19;50;5;401
"Dublin City 02/137";346;10;9;1;28;49;4;447
"Dublin City 02/138";330;11;14;3;30;41;2;431
"Dublin City 02/139";418;28;24;4;33;60;13;580
"Dublin City 02/140";270;16;14;0;26;72;3;401
"Dublin City 02/141";438;16;8;0;16;61;2;541
"Dublin City 02/142";717;10;7;3;16;28;8;789
"Dublin City 02/143";685;21;5;1;40;128;10;890
"Dublin City 02/144";435;14;8;0;44;152;3;656
"Dublin City 02/145";895;30;1;0;27;123;165;1241
"Dublin City 02/146";575;18;1;8;28;83;8;721
"Dublin City 02/147";578;27;6;10;33;65;2;721
"Dublin City 02/148";423;18;5;6;31;37;5;525
"Dublin City 02/149";437;40;6;1;46;74;15;619
"Dublin City 02/150";693;49;6;0;65;77;51;941
"Dublin City 02/151";421;15;4;11;57;80;31;619
"Dublin City 02/152";297;19;7;0;28;68;0;419
"Dublin City 02/153";187;10;5;5;30;58;2;297
"Dublin City 02/154";456;14;1;1;12;39;6;529
"Dublin City 02/155";663;29;2;1;18;58;8;779
"Dublin City 02/156";481;16;3;2;16;62;8;588
"Dublin City 02/157";540;19;10;1;25;41;6;642
"Dublin City 02/158";459;8;7;3;27;107;8;619
"Dublin City 02/159";631;11;14;7;26;47;38;774
"Dublin City 02/160";615;17;10;1;39;73;3;758
"Dublin City 02/161";454;15;13;4;28;50;4;568
"Dublin City 02/162";387;5;10;0;22;77;7;508
"Dublin City 02/163";512;20;12;0;14;61;15;634
"Dublin City 02/164";320;14;5;2;14;48;2;405
"Dublin City 02/165";241;18;16;4;31;78;16;404
"Dublin City 02/166";432;22;5;0;22;46;7;534
"Dublin City 02/167";415;18;18;1;34;62;1;549
"Dublin City 02/168";377;17;9;6;38;45;8;500
"Dublin City 02/169";398;15;19;3;40;112;19;606
"Dublin City 02/170";398;14;13;6;32;90;6;559
"Dublin City 02/171";429;10;8;0;32;86;6;571
"Dublin City 02/172";366;5;13;4;24;84;3;499
"Dublin City 02/173";397;16;1;4;22;34;0;474
"Dublin City 02/174";530;14;3;0;17;23;3;590
"Dublin City 02/175";333;6;6;0;15;32;1;393
"Dublin City 02/176";344;8;5;5;16;33;1;412
"Dublin City 02/177";353;9;12;2;22;49;2;449
"Dublin City 02/178";519;13;5;0;26;40;4;607
"Dublin City 02/179";661;18;5;0;13;33;4;734
"Dublin City 02/180";644;25;4;0;23;48;1;745
"Dublin City 02/181";600;21;6;2;23;37;7;696
"Dublin City 02/182";503;25;19;2;31;33;7;620
"Dublin City 02/183";270;11;16;7;43;86;3;436
"Dublin City 02/184";229;6;3;0;18;51;0;307
"Dublin City 02/185";345;19;36;5;35;47;10;497
"Dublin City 02/186";431;17;15;0;22;58;3;546
"Dublin City 02/187";476;14;15;1;18;35;18;577
"Dublin City 02/188";261;7;9;1;26;38;21;363
"Dublin City 02/189";345;5;14;4;12;56;7;443
"Dublin City 02/190";495;19;22;1;36;105;10;688
"Dublin City 02/191";375;10;17;4;40;82;4;532
"Dublin City 02/192";416;15;12;3;39;59;5;549
"Dublin City 02/193";309;21;15;2;38;83;11;479
"Dublin City 02/194";402;41;11;2;54;58;4;572
"Dublin City 02/195";330;20;55;8;68;101;3;585
"Dublin City 02/196";251;16;27;5;31;87;4;421
"Dublin City 02/197";426;27;10;4;38;65;5;575
"Dublin City 02/198";634;13;11;0;29;47;1;735
"Dublin City 02/199";290;19;68;15;80;176;34;682
"Dublin City 02/200";399;12;23;3;54;119;3;613
"Dublin City 02/201";322;10;29;6;74;83;3;527
"Dublin City 02/202";406;18;11;10;20;49;8;522
"Dublin City 02/203";481;11;25;7;32;54;9;619
"Dublin City 02/204";467;20;18;3;8;45;0;561
"Dublin City 02/205";379;13;43;2;38;72;3;550
"Dublin City 02/206";477;15;32;3;31;103;6;667
"Dublin City 02/207";577;10;12;4;45;55;64;767
"Dublin City 02/208";796;17;9;1;16;27;8;874
"Dublin City 02/209";597;8;31;3;40;56;7;742
"Dublin City 02/210";779;11;31;3;26;68;3;921
"Dublin City 02/211";758;9;18;1;22;39;10;857
"Dublin City 02/212";834;11;7;3;14;14;1;884
"Dublin City 02/213";663;8;0;0;0;12;2;685
"Dublin City 02/214";342;10;4;4;28;82;7;477
"Dublin City 02/215";618;10;31;0;23;58;7;747
"Dublin City 02/216";401;16;4;6;31;148;4;610
"Dublin City 02/217";510;15;13;0;19;54;3;614
"Dublin City 02/218";1113;26;7;1;5;45;170;1367
"Dublin City 02/219";766;41;33;3;34;85;13;975
"Dublin City 02/220";506;20;66;11;60;161;45;869
"Dublin City 02/221";191;17;37;1;30;73;19;368
"Dublin City 02/222";618;12;11;3;18;51;20;733
"Dublin City 02/223";515;4;3;2;26;38;19;607
"Dublin City 02/224";360;10;51;1;37;82;11;552
"Dublin City 02/225";388;13;41;10;97;153;8;710
"Dublin City 02/226";781;9;5;6;1;14;4;820
"Dublin City 02/227";517;17;4;1;15;30;14;598
"Dublin City 02/228";647;14;0;0;0;9;5;675
"Dublin City 02/229";585;9;0;0;10;26;28;658
"Dublin City 02/231";447;20;21;4;22;82;1;597
"Dublin City 02/232";495;12;15;0;29;89;135;775
"Dublin City 02/233";473;14;1;0;23;21;5;537
"Dublin City 02/234";366;12;37;1;49;135;11;611
"Dublin City 02/235";341;17;24;5;42;106;9;544
"Dublin City 02/236";405;20;14;2;34;140;22;637
"Dublin City 02/237";307;15;32;2;39;118;2;515
"Dublin City 02/238";361;24;13;4;50;100;7;559
"Dublin City 02/239";617;20;12;3;61;134;13;860
"Dublin City 02/240";560;11;24;1;60;199;11;866
"Dublin City 02/241";618;13;28;4;31;43;8;745
"Dublin City 02/242";452;14;6;0;29;29;3;533
"Dublin City 02/243";497;14;8;3;28;29;2;581
"Dublin City 02/244";352;10;12;2;55;81;3;515
"Dublin City 02/245";580;17;27;4;60;114;7;809
"Dublin City 02/246";456;6;5;2;15;17;14;515
"Dublin City 02/247";283;14;7;0;36;51;9;400
"Dublin City 02/248";331;8;65;2;117;213;10;746
"Dublin City 02/249";211;15;47;1;84;142;9;509
"Dublin City 02/250";227;15;40;0;84;129;3;498
"Dublin City 02/251";313;14;33;2;39;98;17;516
"Dublin City 02/252";431;12;40;6;42;70;13;614
"Dublin City 02/253";500;6;19;0;32;13;5;575
"Dublin City 02/254";330;3;10;0;1;3;0;347
"Dublin City 02/255";624;31;59;5;34;90;1;844
"Dublin City 02/256";543;27;34;6;24;206;14;854
"Dublin City 02/257";819;8;1;0;0;3;7;838
"Dublin City 02/258";423;21;40;17;54;144;22;721
"Dublin City 02/259";398;13;3;0;6;16;0;436
"Dublin City 02/260";380;10;27;4;9;56;16;502
"Dublin City 02/261";420;7;55;0;23;174;17;696
"Dublin City 02/262";780;35;7;0;24;39;8;893
"Dublin City 02/263";639;29;15;3;25;34;44;789
"Dublin City 02/264";562;22;9;5;19;46;4;667
"Dublin City 02/265";580;12;6;4;18;36;8;664
"Dublin City 02/266";490;18;9;3;24;26;5;575
"Dublin City 02/267";602;22;4;2;20;23;1;674
"Dublin City 02/268";1102;7;0;0;10;18;2;1139
"Dublin City 02/269";769;12;0;0;10;14;4;809
"Dublin City 02/270";680;2;0;0;21;27;8;738
"Dublin City 02/271";665;19;1;6;24;79;26;820
"Dublin City 02/272";607;27;10;0;29;46;7;726
"Dublin City 02/273";710;17;6;0;24;13;5;775
"Dublin City 02/274";589;16;24;2;29;49;6;715
"Dublin City 02/275";445;21;18;0;53;98;46;681
"Dublin City 02/276";221;18;9;4;34;50;2;338
"Dublin City 02/277";201;10;4;0;39;72;13;339
"Dublin City 02/278";313;21;6;1;43;41;152;577
"Dublin City 02/279";426;24;1;0;27;43;9;530
"Dublin City 02/280";285;10;19;0;36;62;4;416
"Dublin City 02/281";534;20;7;0;16;65;120;762
"Dublin City 02/282";208;12;15;2;33;39;11;320
"Dublin City 02/283";226;25;15;1;48;96;7;418
"Dublin City 02/284";636;7;12;0;48;61;4;768
"Dublin City 02/285";348;18;12;0;45;67;3;493
"Dublin City 02/286, 02/611";1225;74;30;3;134;133;14;1613
"Dublin City 02/287";339;28;24;4;68;55;3;521
"Dublin City 02/288";410;10;32;5;40;40;5;542
"Dublin City 02/289";813;12;6;0;14;19;7;871
"Dublin City 02/290";537;17;8;6;62;91;13;734
"Dublin City 02/291";169;15;36;5;88;129;5;447
"Dublin City 02/292";445;2;2;1;11;19;141;621
"Dublin City 02/293";453;8;0;6;2;7;9;485
"Dublin City 02/294";449;38;6;1;46;62;132;734
"Dublin City 02/295";686;32;6;0;43;58;6;831
"Dublin City 02/296";135;15;13;0;49;53;0;265
"Dublin City 02/297";343;18;18;8;45;151;111;694
"Dublin City 02/298";561;16;14;0;31;57;41;720
"Dublin City 02/299";402;16;23;0;44;78;4;567
"Dublin City 02/300";184;14;30;2;45;214;10;499
"Dublin City 02/301";310;26;25;9;62;183;14;629
"Dublin City 02/302";476;5;2;0;13;10;23;529
"Dublin City 02/303";223;3;0;0;9;70;204;509
"Dublin City 02/304";765;15;32;16;32;77;10;947
"Dublin City 02/305";535;6;3;0;23;16;1;584
"Dublin City 02/306";720;11;5;0;11;14;3;764
"Dublin City 02/307";340;20;100;28;98;139;27;752
"Dublin City 02/308";668;12;41;3;31;31;8;794
"Dublin City 02/309";626;6;8;4;6;13;17;680
"Dublin City 02/310";304;9;21;11;58;70;22;495
"Dublin City 02/311";314;13;22;17;49;53;8;476
"Dublin City 02/312";398;10;21;11;28;94;2;564
"Dublin City 02/313";621;28;17;14;18;45;18;761
"Dublin City 02/314";963;9;0;0;1;10;6;989
"Dublin City 02/315";405;17;23;5;56;31;18;555
"Dublin City 02/316";539;6;25;5;19;38;23;655
"Dublin City 02/317";424;15;15;3;24;21;4;506
"Dublin City 02/318";426;14;36;3;25;59;12;575
"Dublin City 02/319";481;26;25;10;11;29;4;586
"Dublin City 02/320";423;11;25;2;24;39;8;532
"Dublin City 02/321";475;16;15;3;32;37;7;585
"Dublin City 02/322";438;7;13;1;23;35;25;542
"Dublin City 02/323";423;31;65;6;108;150;7;790
"Dublin City 02/324";294;8;47;2;74;130;3;558
"Dublin City 02/325";211;18;39;5;61;115;73;522
"Dublin City 02/326";535;5;6;0;9;24;33;612
"Dublin City 02/327";382;7;33;6;57;165;50;700
"Dublin City 02/328";361;7;46;5;74;184;18;695
"Dublin City 02/329";302;2;0;0;10;16;4;334
"Dublin City 02/330";519;24;32;15;118;114;5;827
"Dublin City 02/331";348;9;77;13;87;196;20;750
"Dublin City 02/332";296;11;29;16;44;95;22;513
"Dublin City 02/333";344;7;36;6;43;113;63;612
"Dublin City 02/334";519;13;35;8;38;121;14;748
"Dublin City 02/335";426;7;33;22;54;166;10;718
"Dublin City 02/336";382;11;41;11;60;107;19;631
"Dublin City 02/337";532;20;26;4;55;60;9;706
"Dublin City 02/338";354;10;31;10;48;98;31;582
"Dublin City 02/339";580;13;32;7;52;56;7;747
"Dublin City 02/340";896;9;24;6;28;48;2;1013
"Dublin City 02/341";832;14;18;14;19;32;5;934
"Dublin City 02/342";846;4;5;1;30;6;6;898
"Dublin City 02/343";729;6;13;0;15;11;30;804
"Dublin City 02/344";861;7;12;0;13;12;21;926
"Dublin City 02/345";871;14;9;3;6;34;10;947
"Dublin City 02/346";731;4;10;3;7;16;11;782
"Dublin City 02/347";708;12;49;6;36;70;4;885
"Dublin City 02/348";784;7;29;0;19;26;4;869
"Dublin City 02/349";752;11;15;12;15;14;18;837
"Dublin City 02/350";849;11;5;2;13;19;5;904
"Dublin City 02/351";653;5;14;10;13;17;29;741
"Dublin City 02/352";705;12;11;3;22;38;23;814
"Dublin City 02/353";692;4;5;2;8;16;5;732
"Dublin City 02/354";821;15;21;2;51;41;15;966
"Dublin City 02/355";1109;11;23;2;17;41;8;1211
"Dublin City 02/356";1019;18;10;2;21;55;6;1131
"Dublin City 02/357";1185;14;3;2;15;38;9;1266
"Dublin City 02/358";774;5;9;7;9;21;7;832
"Dublin City 02/359";933;6;16;4;22;30;9;1020
"Dublin City 02/360";860;6;5;1;14;39;1;926
"Dublin City 02/361";632;25;21;5;26;43;14;766
"Dublin City 02/362";548;13;0;1;16;31;4;613
"Dublin City 02/363";747;15;16;0;27;52;15;872
"Dublin City 02/364";736;16;5;6;19;24;4;810
"Dublin City 02/365";734;8;8;7;13;42;5;817
"Dublin City 02/366";764;5;9;0;19;33;23;853
"Dublin City 02/367";676;7;0;8;15;21;0;727
"Dublin City 02/368";458;17;37;7;21;51;4;595
"Dublin City 02/369";668;18;36;5;75;74;22;898
"Dublin City 02/370";781;14;1;0;22;18;11;847
"Dublin City 02/371";706;4;4;1;26;32;8;781
"Dublin City 02/372";701;10;19;2;25;13;6;776
"Dublin City 02/373";463;9;25;21;54;88;1;661
"Dublin City 02/374";433;9;34;3;49;63;7;598
"Dublin City 02/375";839;16;39;6;45;163;488;1596
"Dublin City 02/376";857;11;15;15;83;179;277;1437
"Dublin City 02/377";381;20;52;5;135;182;98;873
"Dublin City 02/378";203;22;36;7;99;135;7;509
"Dublin City 02/379";169;2;25;7;40;157;9;409
"Dublin City 02/380";186;25;43;20;105;259;11;649
"Dublin City 02/381";150;19;43;6;45;79;38;380
"Dublin City 02/382";565;5;39;9;11;65;26;720
"Dublin City 02/383, 02/620";451;25;176;30;151;408;67;1308
"Dublin City 02/384";172;7;41;5;86;340;10;661
"Dublin City 02/385";270;10;120;22;133;287;32;874
"Dublin City 02/386";381;9;40;16;40;89;16;591
"Dublin City 02/387";223;12;49;21;63;123;10;501
"Dublin City 02/388";363;7;39;6;42;64;42;563
"Dublin City 02/389";357;5;70;4;12;104;13;565
"Dublin City 02/390";583;11;42;14;54;93;92;889
"Dublin City 02/391";457;20;94;5;117;118;81;892
"Dublin City 02/392";340;4;24;6;29;50;4;457
"Dublin City 02/393";645;13;53;12;52;137;6;918
"Dublin City 02/394";487;8;69;7;56;105;9;741
"Dublin City 02/395";522;8;88;12;61;90;21;802
"Dublin City 02/396";980;7;2;0;5;6;11;1011
"Dublin City 02/397";470;17;39;2;36;64;17;645
"Dublin City 02/398";638;11;6;1;13;12;13;694
"Dublin City 02/399";591;19;36;3;50;77;13;789
"Dublin City 02/400";755;12;27;19;27;46;14;900
"Dublin City 02/401";522;8;7;0;23;23;19;602
"Dublin City 02/402";643;7;10;0;12;14;6;692
"Dublin City 02/403";756;26;30;0;24;47;14;897
"Dublin City 02/404";714;9;20;8;31;34;9;825
"Dublin City 02/405";641;15;8;0;11;37;8;720
"Dublin City 02/406";798;6;19;5;7;29;0;864
"Dublin City 02/407";945;26;30;6;37;36;76;1156
"Dublin City 02/408";1003;12;18;0;40;76;13;1162
"Dublin City 02/409";807;12;13;9;19;21;3;884
"Dublin City 02/410";858;8;18;8;24;20;10;946
"Dublin City 02/411";1115;14;7;7;52;60;10;1265
"Dublin City 02/412";767;9;8;6;6;36;10;842
"Dublin City 02/413";726;8;0;0;0;4;9;747
"Dublin City 02/414";740;10;5;4;30;22;28;839
"Dublin City 02/415";1156;13;6;6;11;14;3;1209
"Dublin City 02/416";843;8;0;0;0;3;17;871
"Dublin City 02/417";1064;23;37;5;38;29;10;1206
"Dublin City 02/418";944;11;0;2;2;2;48;1009
"Dublin City 02/419";910;16;5;14;22;77;24;1068
"Dublin City 02/420";816;7;23;4;22;12;7;891
"Dublin City 02/421";769;8;12;0;12;24;23;848
"Dublin City 02/422";801;14;14;0;30;65;19;943
"Dublin City 02/423";925;12;1;1;14;26;10;989
"Dublin City 02/424";824;8;0;29;20;24;18;923
"Dublin City 02/425";890;15;15;26;8;37;20;1011
"Dublin City 02/426";862;6;9;4;6;22;9;918
"Dublin City 02/427";1165;12;2;5;7;13;35;1239
"Dublin City 02/428";968;7;0;4;10;12;19;1020
"Dublin City 02/429";947;11;7;0;3;7;28;1003
"Dublin City 02/430";1354;13;0;6;1;13;20;1407
"Dublin City 02/431";1393;8;0;0;3;31;33;1468
"Dublin City 02/432";1034;10;0;0;1;25;23;1093
"Dublin City 02/433";909;12;0;1;3;1;19;945
"Dublin City 02/434";828;8;0;0;0;10;12;858
"Dublin City 02/435";1053;15;20;20;30;27;16;1181
"Dublin City 02/436";1066;12;6;0;2;12;31;1129
"Dublin City 02/437";900;6;0;0;1;7;18;932
"Dublin City 02/438";922;10;4;0;5;11;12;964
"Dublin City 02/439";892;6;6;0;3;21;21;949
"Dublin City 02/440";840;11;5;4;4;31;39;934
"Dublin City 02/441";784;6;0;0;1;27;88;906
"Dublin City 02/442";1141;10;8;5;4;9;29;1206
"Dublin City 02/443";972;3;7;9;11;29;15;1046
"Dublin City 02/444";843;11;6;10;14;10;18;912
"Dublin City 02/445";799;3;2;6;11;17;4;842
"Dublin City 02/446";850;9;11;17;25;21;32;965
"Dublin City 02/447";1153;18;38;17;17;69;13;1325
"Dublin City 02/448";910;1;10;8;11;33;4;977
"Dublin City 02/449";757;7;0;1;16;35;19;835
"Dublin City 02/450";912;12;10;0;14;59;0;1007
"Dublin City 02/451";936;16;34;9;41;56;2;1094
"Dublin City 02/452";828;10;6;1;8;34;8;895
"Dublin City 02/453";1070;10;5;18;17;51;5;1176
"Dublin City 02/454";1107;17;8;11;9;24;2;1178
"Dublin City 02/455";825;6;2;6;7;19;3;868
"Dublin City 02/456";744;11;31;4;33;51;1;875
"Dublin City 02/457";809;10;4;1;10;31;7;872
"Dublin City 02/458";806;10;6;0;13;17;5;857
"Dublin City 02/459";782;11;7;6;24;30;10;870
"Dublin City 02/460";701;4;19;13;13;39;9;798
"Dublin City 02/461";586;12;5;4;19;15;2;643
"Dublin City 02/462";766;10;8;0;11;18;20;833
"Dublin City 02/463";705;7;25;12;19;47;1;816
"Dublin City 02/464";617;12;14;2;13;9;2;669
"Dublin City 02/465";498;11;44;7;54;56;23;693
"Dublin City 02/466";366;17;40;8;80;77;5;593
"Dublin City 02/467";681;8;9;0;18;31;8;755
"Dublin City 02/468";487;15;23;6;37;37;9;614
"Dublin City 02/469";550;25;39;3;99;61;3;780
"Dublin City 02/470";691;16;6;0;31;35;7;786
"Dublin City 02/471";455;20;5;4;30;81;7;602
"Dublin City 02/472";675;6;10;2;8;16;14;731
"Dublin City 02/473";718;14;9;7;10;33;16;807
"Dublin City 02/474";805;8;13;0;15;6;1;848
"Dublin City 02/475";886;11;11;6;58;32;10;1014
"Dublin City 02/476";650;19;29;15;17;40;4;774
"Dublin City 02/477";700;8;3;4;19;20;0;754
"Dublin City 02/478";784;19;3;1;17;39;1;864
"Dublin City 02/479";858;8;0;6;13;11;4;900
"Dublin City 02/480";840;8;10;8;16;19;3;904
"Dublin City 02/481";939;11;0;0;10;24;11;995
"Dublin City 02/482";763;8;14;3;24;22;6;840
"Dublin City 02/483";848;4;18;0;6;8;18;902
"Dublin City 02/484";815;13;2;9;12;26;6;883
"Dublin City 02/485";790;19;3;9;11;23;3;858
"Dublin City 02/486";938;13;3;0;16;21;22;1013
"Dublin City 02/487";837;11;3;3;12;7;2;875
"Dublin City 02/488";824;13;15;0;2;20;14;888
"Dublin City 02/489";815;11;0;6;3;14;3;852
"Dublin City 02/490";855;9;5;3;8;15;7;902
"Dublin City 02/491";826;20;23;5;8;50;2;934
"Dublin City 02/492";1114;14;4;7;9;16;1;1165
"Dublin City 02/493";1083;19;3;11;13;50;22;1201
"Dublin City 02/494";1041;15;9;0;4;9;14;1092
"Dublin City 02/495";924;12;0;0;16;9;20;981
"Dublin City 02/496";1013;21;6;7;8;38;11;1104
"Dublin City 02/497";651;15;30;10;39;69;6;820
"Dublin City 02/498";979;18;0;2;2;15;6;1022
"Dublin City 02/499";1021;10;0;0;2;9;20;1062
"Dublin City 02/500";1082;16;2;0;1;9;10;1120
"Dublin City 02/501";988;7;12;2;5;15;13;1042
"Dublin City 02/502";1033;12;6;0;5;21;14;1091
"Dublin City 02/503";932;19;11;0;3;13;11;989
"Dublin City 02/504";1159;21;14;0;9;11;16;1230
"Dublin City 02/505";975;15;8;4;5;23;4;1034
"Dublin City 02/506";949;2;4;1;13;14;8;991
"Dublin City 02/507";934;11;12;9;15;17;10;1008
"Dublin City 02/508";1003;9;2;0;7;19;28;1068
"Dublin City 02/509";1089;17;4;0;2;9;18;1139
"Dublin City 02/510";1038;27;9;10;12;25;8;1129
"Dublin City 02/511";1173;10;2;0;7;15;15;1222
"Dublin City 02/512";1058;9;1;3;5;18;10;1104
"Dublin City 02/513";890;11;7;0;7;4;18;937
"Dublin City 02/514";855;17;0;3;8;22;3;908
"Dublin City 02/515";754;7;2;0;15;25;9;812
"Dublin City 02/516";583;3;5;0;11;18;0;620
"Dublin City 02/517";757;10;0;0;5;12;5;789
"Dublin City 02/518";781;9;3;13;7;13;3;829
"Dublin City 02/519";779;4;13;0;5;28;1;830
"Dublin City 02/520";743;5;0;0;7;8;1;764
"Dublin City 02/521";740;13;9;4;13;20;2;801
"Dublin City 02/522";754;14;4;2;22;23;3;822
"Dublin City 02/523";852;8;10;2;11;35;9;927
"Dublin City 02/524";799;18;2;0;22;22;6;869
"Dublin City 02/525";740;22;4;4;33;23;4;830
"Dublin City 02/526";946;15;19;4;15;23;0;1022
"Dublin City 02/527";735;24;6;3;34;23;4;829
"Dublin City 02/528";1041;9;6;0;12;28;9;1105
"Dublin City 02/529";706;21;11;3;38;33;5;817
"Dublin City 02/530";734;22;11;6;22;30;8;833
"Dublin City 02/531";665;12;18;11;31;42;2;781
"Dublin City 02/532";645;5;9;4;26;24;7;720
"Dublin City 02/533";991;12;9;1;31;40;8;1092
"Dublin City 02/534";765;13;16;0;37;28;4;863
"Dublin City 02/535";669;12;22;11;54;56;2;826
"Dublin City 02/536";624;10;2;5;31;8;11;691
"Dublin City 02/537";596;14;11;14;23;38;22;718
"Dublin City 02/538";682;8;30;9;43;51;10;833
"Dublin City 02/539";449;17;13;3;26;8;10;526
"Dublin City 02/540";837;9;3;2;9;22;39;921
"Dublin City 02/541";752;5;12;3;16;34;56;878
"Dublin City 02/542";369;29;40;6;90;153;106;793
"Dublin City 02/543";522;9;13;4;16;24;12;600
"Dublin City 02/544";457;10;27;10;21;56;2;583
"Dublin City 02/545";672;7;29;4;49;52;17;830
"Dublin City 02/546";402;9;17;9;35;54;8;534
"Dublin City 02/547";406;8;6;0;5;20;17;462
"Dublin City 02/548";498;8;40;6;36;52;12;652
"Dublin City 02/549";368;2;1;0;2;2;24;399
"Dublin City 02/550";616;10;27;4;13;23;6;699
"Dublin City 02/551";252;32;6;0;36;85;17;428
"Dublin City 02/552";390;18;16;5;59;96;60;644
"Dublin City 02/553";245;27;10;0;85;58;2;427
"Dublin City 02/554";312;25;11;5;83;51;1;488
"Dublin City 02/555";479;23;18;6;38;67;2;633
"Dublin City 02/556";416;11;4;0;36;52;10;529
"Dublin City 02/557";821;7;7;4;26;36;8;909
"Dublin City 02/558";994;7;1;3;7;9;15;1036
"Dublin City 02/559";536;8;5;0;34;27;1;611
"Dublin City 02/561";459;10;14;3;43;65;1;595
"Dublin City 02/562";136;10;47;1;41;242;9;486
"Dublin City 02/563";439;21;54;5;46;277;19;861
"Dublin City 02/564";373;14;17;4;53;189;9;659
"Dublin City 02/565";490;21;74;6;50;111;37;789
"Dublin City 02/566";311;7;27;1;31;106;3;486
"Dublin City 02/567";456;7;50;6;85;204;3;811
"Dublin City 02/568";166;17;10;2;25;59;118;397
"Dublin City 02/569";399;25;33;3;67;120;221;868
"Dublin City 02/570";405;23;24;6;26;96;6;586
"Dublin City 02/571";250;13;33;31;35;96;0;458
"Dublin City 02/572";918;3;9;0;8;25;22;985
"Dublin City 02/573";759;4;7;0;9;16;2;797
"Dublin City 02/574";306;10;87;22;118;225;2;770
"Dublin City 02/575";498;6;27;8;62;212;38;851
"Dublin City 02/576";233;7;105;12;128;283;5;773
"Dublin City 02/577";339;14;57;10;60;144;12;636
"Dublin City 02/578";676;5;5;17;18;23;7;751
"Dublin City 02/579";1015;15;28;5;20;37;7;1127
"Dublin City 02/580";165;20;29;6;74;117;67;478
"Dublin City 02/581";263;8;49;12;162;412;8;914
"Dublin City 02/582";314;9;23;0;58;162;11;577
"Dublin City 02/583";78;3;20;2;51;167;22;343
"Dublin City 02/584";643;8;29;12;32;171;27;922
"Dublin City 02/585";740;14;26;11;29;60;15;895
"Dublin City 02/586";565;11;8;0;29;36;1;650
"Dublin City 02/587";690;11;0;0;7;40;73;821
"Dublin City 02/588";613;19;2;0;8;38;2;682
"Dublin City 02/589";539;48;5;2;62;74;86;816
"Dublin City 02/590";305;21;3;1;31;118;4;483
"Dublin City 02/591, 02/230";407;37;13;5;182;197;87;928
"Dublin City 02/592";949;20;3;7;23;22;10;1034
"Dublin City 02/593";990;15;5;10;30;19;3;1072
"Dublin City 02/594";456;21;14;1;51;57;6;606
"Dublin City 02/595";642;31;62;11;129;148;8;1031
"Dublin City 02/596";796;17;57;6;27;194;24;1121
"Dublin City 02/597";159;32;14;0;42;40;147;434
"Dublin City 02/598";106;11;3;2;58;66;11;257
"Dublin City 02/599";181;2;9;6;12;21;0;231
"Dublin City 02/600";1283;37;24;19;21;100;8;1492
"Dublin City 02/601";323;15;10;5;18;50;4;425
"Dublin City 02/602";576;7;7;0;19;37;2;648
"Dublin City 02/603";356;24;3;0;55;158;162;758
"Dublin City 02/604";405;17;2;1;37;56;0;518
"Dublin City 02/605";288;1;4;10;4;29;5;341
"Dublin City 02/606";547;10;10;0;19;29;25;640
"Dublin City 02/607";114;14;4;0;14;19;1;166
"Dublin City 02/608";110;7;2;0;10;12;1;142
"Dublin City 02/609";357;17;7;2;24;77;3;487
"Dublin City 02/610";185;20;8;2;85;191;13;504
"Dublin City 02/612";569;8;9;0;15;26;15;642
"Dublin City 02/613";445;3;28;2;45;73;30;626
"Dublin City 02/614";344;8;7;0;6;26;7;398
"Dublin City 02/615";307;12;25;15;64;207;2;632
"Dublin City 02/616";378;16;1;0;23;16;4;438
"Dublin City 02/617";223;5;13;1;32;60;47;381
"Dublin City 02/618";372;7;28;4;36;118;18;583
"Dublin City 02/619";119;12;56;6;117;114;19;443
"Dublin City 02/621";508;8;19;7;27;109;13;691
"Dublin City 02/622";226;12;130;14;161;251;8;802
"Dublin City 02/623";452;8;19;0;28;24;17;548
"Dublin City 02/624";524;15;8;6;26;72;6;657
"Dublin City 02/625";449;10;25;6;28;62;35;615
"Dublin City 02/626";522;13;13;3;9;19;41;620
"Dublin City 02/627";826;11;30;21;10;183;160;1241
"Dublin City 02/628";974;13;5;4;31;37;5;1069
"Dublin City 02/629";577;14;91;18;21;66;21;808
"Dublin City 02/630";782;9;2;0;8;16;8;825
"Dublin City 02/631";261;26;84;13;120;315;20;839
"Dublin City 02/632";731;3;15;4;6;16;0;775
"Dublin City 02/633";260;15;39;12;43;51;5;425
"Dublin City 02/634";315;22;75;13;82;72;7;586
"Dublin City 02/635";332;32;44;2;88;131;4;633
"South Dublin 03 ";196669;2982;3177;1858;2922;11418;2739;221765
"South Dublin 03/001";857;13;7;1;15;33;6;932
"South Dublin 03/002";908;13;8;0;9;31;7;976
"South Dublin 03/003";632;12;13;1;10;46;6;720
"South Dublin 03/004";914;8;9;0;7;22;2;962
"South Dublin 03/005";852;12;2;1;6;13;4;890
"South Dublin 03/006";935;20;9;0;9;28;8;1009
"South Dublin 03/007";892;11;2;1;11;4;7;928
"South Dublin 03/008";778;6;3;3;4;8;9;811
"South Dublin 03/009";661;14;1;2;5;26;12;721
"South Dublin 03/010";896;11;4;7;14;15;3;950
"South Dublin 03/011";1073;11;1;0;4;17;6;1112
"South Dublin 03/012";915;17;21;4;11;49;2;1019
"South Dublin 03/013";763;14;1;3;9;37;6;833
"South Dublin 03/014";912;12;4;2;17;18;14;979
"South Dublin 03/015";704;11;17;7;19;53;7;818
"South Dublin 03/016";1079;14;1;5;23;13;2;1137
"South Dublin 03/017";871;21;9;9;10;25;5;950
"South Dublin 03/018";941;18;10;4;7;33;4;1017
"South Dublin 03/019";856;13;11;0;10;49;6;945
"South Dublin 03/020";1012;23;4;0;6;21;2;1068
"South Dublin 03/021";1038;18;3;0;12;18;3;1092
"South Dublin 03/022";889;12;1;0;8;10;1;921
"South Dublin 03/023";1004;16;2;7;10;28;11;1078
"South Dublin 03/024";1044;12;5;7;20;24;3;1115
"South Dublin 03/025";1148;12;6;0;9;14;3;1192
"South Dublin 03/026";1067;6;0;0;14;15;0;1102
"South Dublin 03/027";884;10;0;1;3;13;4;915
"South Dublin 03/028";739;8;0;1;11;7;5;771
"South Dublin 03/029";872;7;10;3;13;34;1;940
"South Dublin 03/030";658;11;10;0;7;39;1;726
"South Dublin 03/031";950;4;6;0;10;15;0;985
"South Dublin 03/032";916;7;3;0;9;13;5;953
"South Dublin 03/033";901;6;0;4;4;2;6;923
"South Dublin 03/034";656;6;9;9;21;24;5;730
"South Dublin 03/035";853;10;3;9;5;20;6;906
"South Dublin 03/036";795;8;8;3;6;21;4;845
"South Dublin 03/037";810;7;7;0;4;8;3;839
"South Dublin 03/038";822;3;7;0;10;7;2;851
"South Dublin 03/039";879;13;2;0;4;11;3;912
"South Dublin 03/040";932;2;26;6;3;13;15;997
"South Dublin 03/041";740;8;5;0;1;8;6;768
"South Dublin 03/042";907;9;8;0;3;26;4;957
"South Dublin 03/043";1052;8;0;0;6;9;7;1082
"South Dublin 03/044";954;3;3;6;1;16;4;987
"South Dublin 03/045";1074;11;0;2;5;14;5;1111
"South Dublin 03/046";1121;19;4;0;14;10;7;1175
"South Dublin 03/047";1082;8;7;5;8;21;1;1132
"South Dublin 03/048";1007;9;5;0;8;10;3;1042
"South Dublin 03/049";872;12;24;5;19;39;22;993
"South Dublin 03/051, 03/050";1894;12;12;19;23;97;29;2086
"South Dublin 03/052";1128;9;5;0;4;10;19;1175
"South Dublin 03/053";1015;21;12;0;0;5;9;1062
"South Dublin 03/054";950;12;12;0;19;27;4;1024
"South Dublin 03/055";1032;5;15;0;8;13;8;1081
"South Dublin 03/056";973;9;8;5;8;23;8;1034
"South Dublin 03/057";1098;6;10;11;4;2;21;1152
"South Dublin 03/058";1117;7;11;10;5;19;10;1179
"South Dublin 03/059";893;17;21;5;8;20;15;979
"South Dublin 03/060";1159;10;20;7;5;17;23;1241
"South Dublin 03/061";944;15;21;4;11;37;6;1038
"South Dublin 03/062";894;15;34;12;37;188;46;1226
"South Dublin 03/063";831;12;16;14;34;70;12;989
"South Dublin 03/064";782;10;74;40;26;135;18;1085
"South Dublin 03/065";842;4;24;23;29;81;5;1008
"South Dublin 03/066";882;8;47;14;11;102;37;1101
"South Dublin 03/067";940;16;24;23;23;106;21;1153
"South Dublin 03/068";1344;21;0;1;6;28;91;1491
"South Dublin 03/069";1190;22;0;1;1;35;22;1271
"South Dublin 03/070";1172;22;13;19;8;47;4;1285
"South Dublin 03/072";1147;6;37;41;43;37;12;1323
"South Dublin 03/074";1065;12;39;0;18;34;83;1251
"South Dublin 03/075";1036;17;56;56;30;110;31;1336
"South Dublin 03/076";1009;21;131;51;46;131;37;1426
"South Dublin 03/077";1116;11;83;21;12;83;13;1339
"South Dublin 03/078";912;15;51;63;25;87;7;1160
"South Dublin 03/079";829;19;27;23;8;17;3;926
"South Dublin 03/080";1109;28;24;49;21;65;9;1305
"South Dublin 03/081";300;14;108;11;17;127;4;581
"South Dublin 03/082";970;8;9;5;7;26;7;1032
"South Dublin 03/083";856;6;19;10;5;31;13;940
"South Dublin 03/084";1039;25;25;11;17;42;3;1162
"South Dublin 03/085";857;16;51;14;18;74;16;1046
"South Dublin 03/086";1034;26;52;44;26;66;5;1253
"South Dublin 03/087";916;19;47;2;13;63;9;1069
"South Dublin 03/088";785;14;22;14;20;34;4;893
"South Dublin 03/089";922;14;47;16;30;74;8;1111
"South Dublin 03/091";1073;12;3;0;7;23;9;1127
"South Dublin 03/092";1071;28;1;0;7;64;14;1185
"South Dublin 03/093";937;16;52;21;19;129;10;1184
"South Dublin 03/094";1008;17;13;6;3;25;6;1078
"South Dublin 03/095";1047;11;9;5;7;59;7;1145
"South Dublin 03/096";1143;11;9;15;6;25;11;1220
"South Dublin 03/097";787;15;41;17;21;46;9;936
"South Dublin 03/099";1151;19;4;0;1;7;33;1215
"South Dublin 03/100";1140;10;26;6;15;41;8;1246
"South Dublin 03/101";1074;11;18;0;8;30;18;1159
"South Dublin 03/102";1099;13;2;0;1;11;21;1147
"South Dublin 03/103";1075;15;1;3;8;55;27;1184
"South Dublin 03/104";1021;11;20;6;1;17;1;1077
"South Dublin 03/105";940;9;0;0;2;2;14;967
"South Dublin 03/106";1030;5;0;0;4;12;5;1056
"South Dublin 03/107";997;6;8;0;5;21;37;1074
"South Dublin 03/108";1168;14;0;0;6;27;137;1352
"South Dublin 03/109";1311;26;24;7;22;69;13;1472
"South Dublin 03/110";1017;13;2;7;2;17;7;1065
"South Dublin 03/111";1174;10;27;2;6;13;38;1270
"South Dublin 03/112";1206;12;12;5;19;69;13;1336
"South Dublin 03/113";1009;10;18;11;9;46;10;1113
"South Dublin 03/114";991;8;15;10;9;40;7;1080
"South Dublin 03/115";920;13;18;10;6;38;0;1005
"South Dublin 03/116";815;4;6;6;10;15;3;859
"South Dublin 03/117";741;4;7;7;13;20;2;794
"South Dublin 03/118";1014;15;14;6;13;57;19;1138
"South Dublin 03/119";918;23;19;31;48;112;3;1154
"South Dublin 03/120";994;15;25;18;18;107;17;1194
"South Dublin 03/121";896;21;14;15;42;128;5;1121
"South Dublin 03/122";805;16;12;19;21;288;16;1177
"South Dublin 03/123";885;21;13;27;15;196;10;1167
"South Dublin 03/124";986;17;15;29;15;57;7;1126
"South Dublin 03/125";914;18;5;5;21;35;8;1006
"South Dublin 03/126";1167;8;0;0;2;26;6;1209
"South Dublin 03/127";1040;9;15;0;5;42;8;1119
"South Dublin 03/128";638;12;14;4;25;53;9;755
"South Dublin 03/129";997;14;0;12;9;63;12;1107
"South Dublin 03/130";810;27;7;23;17;79;9;972
"South Dublin 03/131";986;15;12;0;15;40;4;1072
"South Dublin 03/132";925;19;10;3;12;43;8;1020
"South Dublin 03/133";954;11;20;10;11;45;14;1065
"South Dublin 03/134";926;23;7;4;6;48;8;1022
"South Dublin 03/141";1149;18;11;4;18;93;22;1315
"South Dublin 03/142";697;10;4;0;4;104;8;827
"South Dublin 03/143";1158;26;28;18;16;138;3;1387
"South Dublin 03/144";932;14;33;6;24;67;1;1077
"South Dublin 03/145";885;23;0;0;0;16;30;954
"South Dublin 03/146";957;14;9;3;10;44;55;1092
"South Dublin 03/148";1087;12;11;1;5;1;16;1133
"South Dublin 03/149";976;10;11;3;7;2;1;1010
"South Dublin 03/150";952;16;0;0;1;18;53;1040
"South Dublin 03/151";991;16;4;0;11;9;138;1169
"South Dublin 03/152";1085;22;0;8;2;34;25;1176
"South Dublin 03/153";1158;14;17;10;16;46;23;1284
"South Dublin 03/154";1138;26;1;0;8;39;15;1227
"South Dublin 03/155";992;26;39;10;16;42;18;1143
"South Dublin 03/156";926;9;13;10;27;27;9;1021
"South Dublin 03/157";912;9;15;0;4;46;10;996
"South Dublin 03/158";1082;10;11;8;11;53;17;1192
"South Dublin 03/159";1054;11;7;24;18;45;9;1168
"South Dublin 03/160";910;14;13;4;12;15;14;982
"South Dublin 03/161";974;6;4;4;1;27;13;1029
"South Dublin 03/162";885;4;1;3;5;18;13;929
"South Dublin 03/163";945;8;4;0;17;7;14;995
"South Dublin 03/164";1187;13;0;10;13;73;8;1304
"South Dublin 03/165";1049;13;7;0;10;43;3;1125
"South Dublin 03/166";1130;16;4;6;7;34;10;1207
"South Dublin 03/167";1259;18;5;0;16;92;11;1401
"South Dublin 03/168";1065;16;17;15;34;55;10;1212
"South Dublin 03/169";893;12;7;19;18;99;11;1059
"South Dublin 03/170";1377;34;16;6;15;68;31;1547
"South Dublin 03/171";1336;26;5;6;13;45;15;1446
"South Dublin 03/173";1062;17;0;2;4;24;6;1115
"South Dublin 03/174";893;7;1;3;13;32;7;956
"South Dublin 03/175";1118;11;1;2;8;48;6;1194
"South Dublin 03/177";1085;15;1;5;7;31;17;1161
"South Dublin 03/179";1005;19;1;4;7;5;10;1051
"South Dublin 03/180";1222;16;9;1;15;41;13;1317
"South Dublin 03/181";674;12;13;9;22;28;2;760
"South Dublin 03/182";1158;9;6;4;11;41;6;1235
"South Dublin 03/184";977;18;23;27;24;127;12;1208
"South Dublin 03/185";1380;28;20;5;37;60;4;1534
"South Dublin 03/186";766;16;8;0;14;58;6;868
"South Dublin 03/187";812;5;9;4;14;13;4;861
"South Dublin 03/188";1022;13;36;10;23;24;12;1140
"South Dublin 03/190";927;22;16;30;27;108;5;1135
"South Dublin 03/191";770;22;24;21;31;176;34;1078
"South Dublin 03/192";1145;21;41;25;43;241;26;1542
"South Dublin 03/193";961;33;19;18;16;133;4;1184
"South Dublin 03/194";789;20;20;33;22;81;3;968
"South Dublin 03/195";911;20;24;14;33;130;11;1143
"South Dublin 03/196";866;33;30;24;19;197;17;1186
"South Dublin 03/197";929;18;24;32;10;216;13;1242
"South Dublin 03/198";853;18;35;27;41;272;8;1254
"South Dublin 03/199";1170;12;4;0;0;18;27;1231
"South Dublin 03/200";1031;22;4;4;2;29;11;1103
"South Dublin 03/201";919;8;0;2;8;48;41;1026
"South Dublin 03/202";762;13;1;6;18;60;43;903
"South Dublin 03/203";960;15;9;10;20;76;6;1096
"South Dublin 03/204";1149;23;9;0;12;20;6;1219
"South Dublin 03/205";1103;14;23;0;21;70;7;1238
"South Dublin 03/206";1047;21;18;17;19;234;22;1378
"South Dublin 03/207";1369;28;23;19;23;128;15;1605
"South Dublin 03/209";925;32;20;46;44;364;16;1447
"South Dublin 03/210";459;44;9;1;44;77;2;636
"South Dublin 03/211";568;11;158;52;98;297;19;1203
"South Dublin 03/212";988;13;2;7;13;17;3;1043
"South Dublin 03/213";799;11;0;3;7;54;20;894
"South Dublin 03/214";634;24;62;20;31;140;3;914
"South Dublin 03/216";235;5;5;6;10;76;7;344
"South Dublin 03/218";1048;25;16;15;47;114;14;1279
"South Dublin 03/221";654;6;14;19;12;118;24;847
"South Dublin 03/222";670;27;20;2;9;57;3;788
"South Dublin 03/223";1150;32;19;14;26;140;6;1387
"South Dublin 03/224";914;35;12;1;29;82;15;1088
"South Dublin 03/225";511;5;12;3;14;42;6;593
"South Dublin 03/227";519;16;14;21;12;53;4;639
"South Dublin 03/228";720;11;19;5;11;85;34;885
"Fingal 04 ";88652;1906;2080;1530;3284;10497;1361;109310
"Fingal 04/069";706;8;19;21;15;15;8;792
"Fingal 04/070";779;8;9;42;23;33;6;900
"Fingal 04/072";982;14;7;0;8;9;5;1025
"Fingal 04/073";884;15;4;9;1;4;14;931
"Fingal 04/074";820;19;4;0;18;14;9;884
"Fingal 04/075";977;22;1;2;7;19;11;1039
"Fingal 04/076";1022;10;5;0;4;9;15;1065
"Fingal 04/077";982;13;4;1;16;20;7;1043
"Fingal 04/078";775;22;22;0;18;36;8;881
"Fingal 04/079";836;16;11;23;32;27;4;949
"Fingal 04/080";972;17;1;1;5;16;1;1013
"Fingal 04/081";733;20;13;4;18;47;14;849
"Fingal 04/082";913;37;6;0;10;23;4;993
"Fingal 04/083";838;43;3;0;14;25;3;926
"Fingal 04/084";844;38;10;0;21;11;5;929
"Fingal 04/085";954;24;0;1;16;15;14;1024
"Fingal 04/086";1048;48;3;0;26;18;13;1156
"Fingal 04/087";977;46;3;0;8;17;6;1057
"Fingal 04/088";1066;17;3;0;25;3;5;1119
"Fingal 04/089";929;23;5;0;6;60;109;1132
"Fingal 04/090";621;6;26;23;35;173;22;906
"Fingal 04/091";907;17;19;30;20;53;20;1066
"Fingal 04/092";1319;17;5;5;4;83;28;1461
"Fingal 04/093";1081;9;5;4;10;17;10;1136
"Fingal 04/095";829;11;2;6;13;50;4;915
"Fingal 04/096";819;2;6;9;24;28;4;892
"Fingal 04/097";712;11;61;16;79;143;45;1067
"Fingal 04/098";1028;8;16;0;10;57;9;1128
"Fingal 04/099";1187;20;38;24;29;136;8;1442
"Fingal 04/100";1116;21;10;0;6;81;13;1247
"Fingal 04/101";853;11;10;17;15;51;14;971
"Fingal 04/102";769;10;16;16;29;112;13;965
"Fingal 04/103";1045;9;2;7;2;31;6;1102
"Fingal 04/104";1079;7;1;6;20;24;4;1141
"Fingal 04/105";1027;17;21;22;44;100;14;1245
"Fingal 04/106";1036;18;7;7;18;124;37;1247
"Fingal 04/107";1105;16;15;22;17;91;10;1276
"Fingal 04/108";906;16;22;4;18;101;24;1091
"Fingal 04/109";1052;11;22;13;20;78;17;1213
"Fingal 04/110";1178;21;16;25;11;83;10;1344
"Fingal 04/113";962;12;11;8;16;90;20;1119
"Fingal 04/114";1054;15;22;15;18;96;6;1226
"Fingal 04/115";969;13;12;10;27;87;11;1129
"Fingal 04/116";994;15;21;35;34;80;19;1198
"Fingal 04/118";1256;48;10;23;25;96;9;1467
"Fingal 04/119";983;20;24;15;27;62;6;1137
"Fingal 04/120";900;15;20;24;17;90;9;1075
"Fingal 04/121";1006;19;15;13;43;182;11;1289
"Fingal 04/122";1119;11;17;19;43;98;6;1313
"Fingal 04/123";981;17;8;14;19;73;7;1119
"Fingal 04/124";1033;9;15;20;36;120;11;1244
"Fingal 04/125";658;10;36;8;30;96;6;844
"Fingal 04/126";1067;18;0;14;35;37;7;1178
"Fingal 04/127";872;9;0;0;10;4;3;898
"Fingal 04/128";1067;26;9;7;36;21;20;1186
"Fingal 04/129";1195;9;7;1;11;30;6;1259
"Fingal 04/130";936;15;10;1;18;27;2;1009
"Fingal 04/148";897;14;10;0;8;44;9;982
"Fingal 04/149";706;42;4;0;29;24;17;822
"Fingal 04/150";643;35;56;29;57;260;9;1089
"Fingal 04/151";782;21;47;21;92;233;11;1207
"Fingal 04/152";224;9;45;13;89;206;8;594
"Fingal 04/153";742;11;18;11;13;71;9;875
"Fingal 04/154";817;13;14;40;44;68;4;1000
"Fingal 04/155";1032;15;16;11;22;61;10;1167
"Fingal 04/156";601;20;55;59;53;202;3;993
"Fingal 04/158";1250;18;2;20;36;89;14;1429
"Fingal 04/159";965;20;36;46;74;129;6;1276
"Fingal 04/160";985;18;41;38;39;81;2;1204
"Fingal 04/161";864;25;15;22;28;202;4;1160
"Fingal 04/162";800;18;19;35;48;243;1;1164
"Fingal 04/163";847;20;9;30;38;193;24;1161
"Fingal 04/164";1089;31;23;32;35;193;4;1407
"Fingal 04/165";857;24;18;34;42;165;10;1150
"Fingal 04/166";731;11;12;8;25;169;71;1027
"Fingal 04/167";972;27;25;27;28;141;2;1222
"Fingal 04/168";920;18;29;43;58;129;7;1204
"Fingal 04/169";999;3;5;0;17;13;2;1039
"Fingal 04/172";606;18;13;2;36;247;6;928
"Fingal 04/174";880;31;54;36;73;216;8;1298
"Fingal 04/176";595;8;15;9;38;183;15;863
"Fingal 04/204";496;18;11;10;44;154;10;743
"Fingal 04/205";1041;38;146;55;169;418;40;1907
"Fingal 04/206";577;15;27;9;66;242;34;970
"Fingal 04/207";1078;17;14;0;8;94;117;1328
"Fingal 04/208";664;20;46;16;63;150;8;967
"Fingal 04/209";566;15;10;9;30;80;6;716
"Fingal 04/210";903;30;20;11;23;181;33;1201
"Fingal 04/211";504;15;29;16;47;174;1;786
"Fingal 04/213";690;31;30;25;37;224;7;1044
"Fingal 04/214";814;20;17;3;44;144;3;1045
"Fingal 04/215";569;25;22;24;23;160;17;840
"Fingal 04/216";742;13;21;11;32;198;17;1034
"Fingal 04/217";723;18;46;53;61;162;8;1071
"Fingal 04/218";732;38;95;65;195;495;21;1641
"Fingal 04/219";879;23;51;17;41;369;31;1411
"Fingal 04/220";1019;15;26;20;57;55;5;1197
"Fingal 04/221";151;3;12;3;14;16;1;200
"Fingal 04/223";776;32;59;15;56;116;8;1062
"Fingal 04/224";394;32;25;2;22;54;2;531
"Fingal 04/225";772;19;102;13;70;123;4;1103
"Dún Laoghaire-Rathdown 05 ";162480;4130;1648;339;3739;6933;1365;180634
"Dún Laoghaire-Rathdown 05/001";786;19;7;1;18;50;2;883
"Dún Laoghaire-Rathdown 05/002";590;15;14;0;17;55;1;692
"Dún Laoghaire-Rathdown 05/003";856;30;7;0;29;99;17;1038
"Dún Laoghaire-Rathdown 05/004";517;22;3;1;25;42;3;613
"Dún Laoghaire-Rathdown 05/005";754;21;7;6;29;62;8;887
"Dún Laoghaire-Rathdown 05/006";967;22;8;0;11;28;0;1036
"Dún Laoghaire-Rathdown 05/007";713;17;13;10;44;54;4;855
"Dún Laoghaire-Rathdown 05/008";925;26;18;1;21;59;5;1055
"Dún Laoghaire-Rathdown 05/009";582;17;1;2;27;60;1;690
"Dún Laoghaire-Rathdown 05/010";703;34;9;0;34;32;29;841
"Dún Laoghaire-Rathdown 05/011";654;22;9;2;25;56;18;786
"Dún Laoghaire-Rathdown 05/012";961;7;1;0;16;21;3;1009
"Dún Laoghaire-Rathdown 05/013";583;16;11;2;37;30;6;685
"Dún Laoghaire-Rathdown 05/014";533;26;4;0;29;21;8;621
"Dún Laoghaire-Rathdown 05/015";663;30;11;9;20;25;5;763
"Dún Laoghaire-Rathdown 05/016";494;22;21;9;37;36;4;623
"Dún Laoghaire-Rathdown 05/017";756;33;16;9;38;44;2;898
"Dún Laoghaire-Rathdown 05/018";832;17;15;5;23;25;10;927
"Dún Laoghaire-Rathdown 05/019";495;37;59;0;51;132;8;782
"Dún Laoghaire-Rathdown 05/020";739;33;11;0;36;35;5;859
"Dún Laoghaire-Rathdown 05/021";482;19;5;0;12;28;5;551
"Dún Laoghaire-Rathdown 05/022";650;29;34;6;48;105;7;879
"Dún Laoghaire-Rathdown 05/023";660;15;20;4;21;28;8;756
"Dún Laoghaire-Rathdown 05/024";782;30;33;0;23;35;34;937
"Dún Laoghaire-Rathdown 05/025";385;18;18;0;28;53;6;508
"Dún Laoghaire-Rathdown 05/026";560;21;30;1;45;70;3;730
"Dún Laoghaire-Rathdown 05/027";371;11;30;2;41;78;6;539
"Dún Laoghaire-Rathdown 05/028";817;16;12;0;12;16;3;876
"Dún Laoghaire-Rathdown 05/029";684;10;3;0;3;14;7;721
"Dún Laoghaire-Rathdown 05/030";726;17;16;0;15;16;8;798
"Dún Laoghaire-Rathdown 05/031";839;17;13;1;32;44;5;951
"Dún Laoghaire-Rathdown 05/032";900;7;12;0;16;7;5;947
"Dún Laoghaire-Rathdown 05/033";967;12;23;0;5;6;9;1022
"Dún Laoghaire-Rathdown 05/034";633;31;37;0;25;70;3;799
"Dún Laoghaire-Rathdown 05/035";820;13;4;0;6;10;16;869
"Dún Laoghaire-Rathdown 05/036";893;11;9;0;23;34;9;979
"Dún Laoghaire-Rathdown 05/037";960;20;1;0;21;16;5;1023
"Dún Laoghaire-Rathdown 05/038";841;17;2;0;9;19;4;892
"Dún Laoghaire-Rathdown 05/039";587;32;9;2;10;15;8;663
"Dún Laoghaire-Rathdown 05/040";520;32;11;0;20;30;4;617
"Dún Laoghaire-Rathdown 05/041";537;25;9;0;3;47;22;643
"Dún Laoghaire-Rathdown 05/042";757;43;8;0;26;40;7;881
"Dún Laoghaire-Rathdown 05/043";604;14;10;1;11;40;5;685
"Dún Laoghaire-Rathdown 05/044";889;28;11;1;19;18;9;975
"Dún Laoghaire-Rathdown 05/045";810;30;3;0;16;42;2;903
"Dún Laoghaire-Rathdown 05/046";762;25;1;0;16;39;5;848
"Dún Laoghaire-Rathdown 05/047";766;21;2;0;4;17;3;813
"Dún Laoghaire-Rathdown 05/048";631;23;0;0;8;28;7;697
"Dún Laoghaire-Rathdown 05/049, 05/051";1265;71;3;0;35;50;2;1426
"Dún Laoghaire-Rathdown 05/050";635;33;0;0;14;18;3;703
"Dún Laoghaire-Rathdown 05/052";917;24;4;0;12;16;3;976
"Dún Laoghaire-Rathdown 05/053";850;29;0;0;22;18;1;920
"Dún Laoghaire-Rathdown 05/054";1026;32;6;0;9;26;3;1102
"Dún Laoghaire-Rathdown 05/055";904;53;4;0;11;32;6;1010
"Dún Laoghaire-Rathdown 05/056";922;26;0;0;15;15;8;986
"Dún Laoghaire-Rathdown 05/057";627;20;16;0;34;35;4;736
"Dún Laoghaire-Rathdown 05/058";886;30;8;2;16;25;11;978
"Dún Laoghaire-Rathdown 05/059";943;10;0;0;1;7;10;971
"Dún Laoghaire-Rathdown 05/060";1266;16;1;0;3;4;12;1302
"Dún Laoghaire-Rathdown 05/061";1227;23;0;0;4;24;21;1299
"Dún Laoghaire-Rathdown 05/062";1015;29;12;7;15;26;4;1108
"Dún Laoghaire-Rathdown 05/063";1153;23;0;0;14;18;18;1226
"Dún Laoghaire-Rathdown 05/064";1010;12;0;0;4;10;14;1050
"Dún Laoghaire-Rathdown 05/065";912;21;12;6;37;61;10;1059
"Dún Laoghaire-Rathdown 05/066";1109;37;6;0;26;32;1;1211
"Dún Laoghaire-Rathdown 05/067";938;27;11;1;21;27;11;1036
"Dún Laoghaire-Rathdown 05/069";939;25;5;0;52;148;5;1174
"Dún Laoghaire-Rathdown 05/070";955;17;0;4;27;37;7;1047
"Dún Laoghaire-Rathdown 05/071";975;31;7;16;17;36;6;1088
"Dún Laoghaire-Rathdown 05/072";1056;24;6;0;7;17;3;1113
"Dún Laoghaire-Rathdown 05/073";433;16;10;1;18;44;4;526
"Dún Laoghaire-Rathdown 05/074";992;12;2;0;2;6;6;1020
"Dún Laoghaire-Rathdown 05/075";1058;19;2;0;6;9;12;1106
"Dún Laoghaire-Rathdown 05/076";967;23;7;2;13;36;1;1049
"Dún Laoghaire-Rathdown 05/077";942;16;5;0;8;18;11;1000
"Dún Laoghaire-Rathdown 05/078";1032;14;0;0;19;17;0;1082
"Dún Laoghaire-Rathdown 05/079";748;16;13;0;4;13;3;797
"Dún Laoghaire-Rathdown 05/080";885;12;3;0;5;23;10;938
"Dún Laoghaire-Rathdown 05/081";918;32;2;0;13;39;5;1009
"Dún Laoghaire-Rathdown 05/082";891;21;6;0;14;14;9;955
"Dún Laoghaire-Rathdown 05/083";969;16;5;2;9;32;107;1140
"Dún Laoghaire-Rathdown 05/084";853;16;7;0;7;26;3;912
"Dún Laoghaire-Rathdown 05/085";1093;31;28;1;14;21;7;1195
"Dún Laoghaire-Rathdown 05/086";795;20;16;8;15;38;7;899
"Dún Laoghaire-Rathdown 05/087";800;24;7;0;19;35;0;885
"Dún Laoghaire-Rathdown 05/088";1006;23;1;0;14;29;3;1076
"Dún Laoghaire-Rathdown 05/089";964;30;0;0;14;13;2;1023
"Dún Laoghaire-Rathdown 05/090";1033;36;5;0;20;16;7;1117
"Dún Laoghaire-Rathdown 05/091";880;22;13;4;21;28;6;974
"Dún Laoghaire-Rathdown 05/092";877;29;9;3;15;27;11;971
"Dún Laoghaire-Rathdown 05/093";923;19;1;0;22;43;3;1011
"Dún Laoghaire-Rathdown 05/094";1204;20;18;0;25;48;12;1327
"Dún Laoghaire-Rathdown 05/095";974;21;21;5;55;95;21;1192
"Dún Laoghaire-Rathdown 05/096";586;13;14;3;29;55;4;704
"Dún Laoghaire-Rathdown 05/097";914;8;12;0;31;50;14;1029
"Dún Laoghaire-Rathdown 05/098";953;15;4;0;10;34;3;1019
"Dún Laoghaire-Rathdown 05/099";844;14;2;0;13;14;8;895
"Dún Laoghaire-Rathdown 05/100";854;20;4;1;41;45;4;969
"Dún Laoghaire-Rathdown 05/101";686;14;5;4;19;87;1;816
"Dún Laoghaire-Rathdown 05/102";822;24;1;1;16;5;0;869
"Dún Laoghaire-Rathdown 05/103";881;13;3;5;17;17;5;941
"Dún Laoghaire-Rathdown 05/104";826;14;5;1;7;9;5;867
"Dún Laoghaire-Rathdown 05/105";879;16;9;0;3;11;2;920
"Dún Laoghaire-Rathdown 05/106";816;24;5;1;12;31;2;891
"Dún Laoghaire-Rathdown 05/107";927;13;1;2;11;6;1;961
"Dún Laoghaire-Rathdown 05/108";754;17;11;0;24;64;6;876
"Dún Laoghaire-Rathdown 05/109";826;22;2;5;13;24;1;893
"Dún Laoghaire-Rathdown 05/110";667;22;5;1;40;42;1;778
"Dún Laoghaire-Rathdown 05/111";830;28;2;3;19;45;2;929
"Dún Laoghaire-Rathdown 05/112";1010;23;2;0;22;37;7;1101
"Dún Laoghaire-Rathdown 05/113";1072;20;0;0;19;22;5;1138
"Dún Laoghaire-Rathdown 05/114";1079;20;1;0;11;19;7;1137
"Dún Laoghaire-Rathdown 05/115";1024;26;4;5;19;51;10;1139
"Dún Laoghaire-Rathdown 05/116";1026;49;0;0;28;34;7;1144
"Dún Laoghaire-Rathdown 05/117";1059;34;1;1;33;38;8;1174
"Dún Laoghaire-Rathdown 05/118";1552;36;7;0;16;51;14;1676
"Dún Laoghaire-Rathdown 05/119";972;25;25;8;21;58;8;1117
"Dún Laoghaire-Rathdown 05/121";986;40;21;0;35;64;15;1161
"Dún Laoghaire-Rathdown 05/122";1171;31;26;2;30;55;10;1325
"Dún Laoghaire-Rathdown 05/123";897;20;28;6;34;43;5;1033
"Dún Laoghaire-Rathdown 05/126";909;19;11;0;12;19;3;973
"Dún Laoghaire-Rathdown 05/127";1038;22;8;0;22;65;6;1161
"Dún Laoghaire-Rathdown 05/128";774;16;29;20;19;42;4;904
"Dún Laoghaire-Rathdown 05/129";860;15;0;6;8;17;5;911
"Dún Laoghaire-Rathdown 05/130";669;25;6;0;29;69;2;800
"Dún Laoghaire-Rathdown 05/131";990;10;7;0;10;15;3;1035
"Dún Laoghaire-Rathdown 05/132";1094;16;2;2;11;37;2;1164
"Dún Laoghaire-Rathdown 05/133";721;21;8;0;19;24;3;796
"Dún Laoghaire-Rathdown 05/134";865;14;3;0;12;10;0;904
"Dún Laoghaire-Rathdown 05/135";889;11;2;0;7;44;4;957
"Dún Laoghaire-Rathdown 05/136";910;14;0;0;13;18;6;961
"Dún Laoghaire-Rathdown 05/137";1036;17;5;0;5;10;1;1074
"Dún Laoghaire-Rathdown 05/138";860;11;3;3;3;31;13;924
"Dún Laoghaire-Rathdown 05/139";880;15;6;3;8;41;4;957
"Dún Laoghaire-Rathdown 05/140";869;17;4;0;13;43;4;950
"Dún Laoghaire-Rathdown 05/141";906;6;5;1;6;24;2;950
"Dún Laoghaire-Rathdown 05/142";833;7;1;6;10;20;3;880
"Dún Laoghaire-Rathdown 05/143";819;18;5;3;9;28;5;887
"Dún Laoghaire-Rathdown 05/144";864;24;1;0;18;30;2;939
"Dún Laoghaire-Rathdown 05/145";840;14;14;0;12;27;9;916
"Dún Laoghaire-Rathdown 05/146";869;20;3;2;10;27;6;937
"Dún Laoghaire-Rathdown 05/147";847;21;11;0;19;41;17;956
"Dún Laoghaire-Rathdown 05/148";905;5;0;0;11;26;8;955
"Dún Laoghaire-Rathdown 05/149";638;5;0;2;4;22;4;675
"Dún Laoghaire-Rathdown 05/150";909;18;9;0;16;35;10;997
"Dún Laoghaire-Rathdown 05/151";796;11;2;10;8;14;8;849
"Dún Laoghaire-Rathdown 05/152";1049;18;3;3;7;21;8;1109
"Dún Laoghaire-Rathdown 05/153";833;19;1;0;9;28;20;910
"Dún Laoghaire-Rathdown 05/154";959;14;0;4;7;8;4;996
"Dún Laoghaire-Rathdown 05/155";865;20;2;0;15;21;12;935
"Dún Laoghaire-Rathdown 05/156";828;17;1;0;7;21;3;877
"Dún Laoghaire-Rathdown 05/157";767;18;1;8;9;30;4;837
"Dún Laoghaire-Rathdown 05/158";578;10;5;1;10;25;5;634
"Dún Laoghaire-Rathdown 05/159";756;16;4;0;31;30;5;842
"Dún Laoghaire-Rathdown 05/160";846;18;9;1;26;18;13;931
"Dún Laoghaire-Rathdown 05/161";774;13;3;0;16;19;2;827
"Dún Laoghaire-Rathdown 05/162";837;16;3;0;20;22;7;905
"Dún Laoghaire-Rathdown 05/163";953;20;17;0;44;41;12;1087
"Dún Laoghaire-Rathdown 05/164";698;15;6;2;35;79;1;836
"Dún Laoghaire-Rathdown 05/165";644;10;7;4;26;27;7;725
"Dún Laoghaire-Rathdown 05/166";844;13;1;0;40;77;6;981
"Dún Laoghaire-Rathdown 05/167";782;23;4;0;25;51;5;890
"Dún Laoghaire-Rathdown 05/168";958;32;8;0;8;6;1;1013
"Dún Laoghaire-Rathdown 05/169";840;14;0;0;3;7;7;871
"Dún Laoghaire-Rathdown 05/170";664;22;18;5;9;9;12;739
"Dún Laoghaire-Rathdown 05/173";1010;11;4;0;2;14;5;1046
"Dún Laoghaire-Rathdown 05/174";1000;21;6;10;13;42;1;1093
"Dún Laoghaire-Rathdown 05/175";685;30;14;2;39;69;2;841
"Dún Laoghaire-Rathdown 05/176";845;13;9;3;28;39;1;938
"Dún Laoghaire-Rathdown 05/177, 05/178";1679;31;11;0;49;168;6;1944
"Dún Laoghaire-Rathdown 05/179";863;14;1;0;22;25;6;931
"Dún Laoghaire-Rathdown 05/180";571;21;26;0;34;77;55;784
"Dún Laoghaire-Rathdown 05/181";251;5;12;0;14;18;1;301
"Dún Laoghaire-Rathdown 05/182";589;14;4;0;26;32;6;671
"Dún Laoghaire-Rathdown 05/184";947;38;5;0;16;46;4;1056
"Dún Laoghaire-Rathdown 05/185";1034;21;7;0;18;58;7;1145
"Dún Laoghaire-Rathdown 05/186";914;24;5;6;18;21;4;992
"Dún Laoghaire-Rathdown 05/187";856;19;5;0;7;12;5;904
"Dún Laoghaire-Rathdown 05/188";877;23;7;2;32;58;4;1003
"Dún Laoghaire-Rathdown 05/189";1009;26;10;0;18;83;11;1157
"Dún Laoghaire-Rathdown 05/190";1024;32;0;9;21;33;5;1124
"Dún Laoghaire-Rathdown 05/191";1123;33;12;0;31;54;4;1257
"Dún Laoghaire-Rathdown 05/192";812;10;5;0;18;34;0;879
"Dún Laoghaire-Rathdown 05/193";578;18;7;0;21;30;1;655
"Dún Laoghaire-Rathdown 05/194";870;11;4;0;4;19;3;911
"Dún Laoghaire-Rathdown 05/196";390;18;1;0;9;11;1;430
"Dún Laoghaire-Rathdown 05/197";366;41;24;6;41;77;0;555
"Dún Laoghaire-Rathdown 05/198";848;27;47;9;38;55;4;1028
"Dún Laoghaire-Rathdown 05/200";396;12;10;1;7;19;0;445
"Dún Laoghaire-Rathdown 05/201";601;22;17;6;26;49;4;725
"Dún Laoghaire-Rathdown 05/202";462;17;31;12;49;67;7;645
"Dún Laoghaire-Rathdown 05/203";620;27;17;1;24;22;5;716
"Dún Laoghaire-Rathdown 05/204";881;45;14;0;33;33;14;1020
"Dún Laoghaire-Rathdown 05/205";698;31;2;0;14;55;9;809
"Cork City and Suburbs  ";161649;2886;4135;769;4093;6209;2243;181984
"Cork City 17 ";103621;1777;2674;386;3134;3828;1802;117222
"Cork City 17/001";734;7;1;0;5;22;6;775
"Cork City 17/002";710;10;16;0;12;12;3;763
"Cork City 17/003";709;3;20;1;10;39;2;784
"Cork City 17/004";565;9;31;9;18;140;5;777
"Cork City 17/005";801;7;30;4;21;43;4;910
"Cork City 17/006, 17/008";1690;16;3;0;12;17;55;1793
"Cork City 17/009";965;6;9;0;0;9;31;1020
"Cork City 17/010";793;5;16;5;4;8;9;840
"Cork City 17/011";845;6;0;0;2;6;2;861
"Cork City 17/012";849;9;5;0;2;8;4;877
"Cork City 17/013";1027;22;34;4;29;48;11;1175
"Cork City 17/014";723;15;40;11;20;58;2;869
"Cork City 17/015, 17/124";1688;28;53;16;29;58;4;1876
"Cork City 17/016";968;17;4;3;14;11;10;1027
"Cork City 17/017";770;8;4;11;4;7;5;809
"Cork City 17/018";806;9;17;0;3;1;2;838
"Cork City 17/019";720;12;8;0;6;7;5;758
"Cork City 17/020";914;15;7;7;10;11;6;970
"Cork City 17/021";787;12;23;10;30;26;9;897
"Cork City 17/022";1073;10;9;0;19;8;2;1121
"Cork City 17/023";924;14;5;0;11;13;8;975
"Cork City 17/024";1095;34;20;3;41;48;27;1268
"Cork City 17/025";946;16;0;2;5;8;9;986
"Cork City 17/026";1043;19;3;0;18;24;14;1121
"Cork City 17/027";1026;18;0;0;5;18;11;1078
"Cork City 17/028";714;11;9;0;10;28;10;782
"Cork City 17/029";713;13;13;1;11;18;6;775
"Cork City 17/030";1127;15;14;1;18;12;3;1190
"Cork City 17/031";1010;29;30;2;29;46;6;1152
"Cork City 17/032";911;14;8;1;21;24;17;996
"Cork City 17/033";866;5;11;0;14;13;2;911
"Cork City 17/034";689;15;16;0;35;33;5;793
"Cork City 17/035";507;20;35;3;49;29;27;670
"Cork City 17/036";710;12;10;0;13;45;3;793
"Cork City 17/037";939;32;39;10;57;55;4;1136
"Cork City 17/038";580;8;24;6;18;31;6;673
"Cork City 17/039";630;5;3;4;1;11;8;662
"Cork City 17/040";488;18;32;4;41;34;5;622
"Cork City 17/041";515;19;64;12;57;31;5;703
"Cork City 17/042";622;3;6;5;8;5;6;655
"Cork City 17/043";675;7;4;0;4;2;7;699
"Cork City 17/044";1067;7;5;0;0;6;4;1089
"Cork City 17/045";795;2;0;0;6;5;12;820
"Cork City 17/046";743;7;20;1;11;9;3;794
"Cork City 17/047";903;11;12;1;16;13;8;964
"Cork City 17/048";822;7;35;0;25;16;10;915
"Cork City 17/049";649;13;25;0;31;40;8;766
"Cork City 17/050";698;0;0;0;2;8;3;711
"Cork City 17/051";625;6;18;6;2;7;7;671
"Cork City 17/052";653;11;33;0;5;17;7;726
"Cork City 17/053";614;6;16;0;15;20;6;677
"Cork City 17/054";617;9;7;2;16;82;1;734
"Cork City 17/055";454;5;7;0;8;14;14;502
"Cork City 17/056,17/007";1369;19;8;6;19;94;1;1516
"Cork City 17/057";945;15;24;4;6;30;235;1259
"Cork City 17/058";1024;12;3;0;9;14;9;1071
"Cork City 17/059";717;11;13;0;12;33;5;791
"Cork City 17/060";870;8;17;0;15;8;13;931
"Cork City 17/061";974;13;26;0;6;10;7;1036
"Cork City 17/062";833;12;12;0;38;18;5;918
"Cork City 17/063";1103;12;9;0;5;17;18;1164
"Cork City 17/064";693;14;8;0;14;15;8;752
"Cork City 17/065";371;17;28;2;34;59;3;514
"Cork City 17/066";967;23;19;3;38;45;4;1099
"Cork City 17/067";512;24;8;1;32;52;32;661
"Cork City 17/068";480;15;24;14;44;52;1;630
"Cork City 17/069";432;62;73;10;159;135;4;875
"Cork City 17/070";446;23;64;7;128;90;11;769
"Cork City 17/071";483;34;62;6;117;123;9;834
"Cork City 17/072";336;16;23;6;43;56;9;489
"Cork City 17/073";666;31;24;5;23;22;34;805
"Cork City 17/074";663;22;19;1;56;33;5;799
"Cork City 17/075";926;6;11;6;0;9;6;964
"Cork City 17/076";1204;13;17;0;5;10;3;1252
"Cork City 17/077";1067;11;1;0;0;4;3;1086
"Cork City 17/078";1036;5;0;0;0;4;8;1053
"Cork City 17/079";1127;13;0;0;0;1;14;1155
"Cork City 17/080";793;6;0;0;0;3;19;821
"Cork City 17/081";959;5;3;0;0;10;1;978
"Cork City 17/082";917;3;2;0;2;2;18;944
"Cork City 17/083";755;5;8;0;8;3;8;787
"Cork City 17/084";648;10;16;1;10;14;10;709
"Cork City 17/085";713;7;19;6;14;15;12;786
"Cork City 17/086";791;6;7;0;1;4;6;815
"Cork City 17/087";804;3;0;4;11;2;27;851
"Cork City 17/088";788;9;1;0;2;9;20;829
"Cork City 17/089";675;9;9;0;3;6;5;707
"Cork City 17/090";873;4;8;0;0;5;30;920
"Cork City 17/091";675;11;43;6;31;13;11;790
"Cork City 17/092";552;11;44;8;39;44;3;701
"Cork City 17/093";681;20;75;0;111;58;3;948
"Cork City 17/094";402;6;21;3;26;31;77;566
"Cork City 17/095";639;14;38;15;36;52;15;809
"Cork City 17/096";379;10;73;15;126;66;36;705
"Cork City 17/097";383;7;78;8;72;92;21;661
"Cork City 17/098";589;20;27;11;38;68;37;790
"Cork City 17/099";619;18;54;2;47;41;15;796
"Cork City 17/100";198;14;58;3;50;59;4;386
"Cork City 17/101";495;7;18;2;17;16;2;557
"Cork City 17/102";610;15;28;0;33;15;3;704
"Cork City 17/103";616;15;14;2;27;26;8;708
"Cork City 17/104";413;26;56;9;71;41;11;627
"Cork City 17/105";1431;21;23;1;21;24;10;1531
"Cork City 17/106";1029;4;0;3;9;14;12;1071
"Cork City 17/107";918;11;6;0;22;40;56;1053
"Cork City 17/108";905;13;7;0;13;21;11;970
"Cork City 17/109";838;26;23;0;3;22;6;918
"Cork City 17/110";691;22;4;0;2;4;6;729
"Cork City 17/111";1136;30;0;0;1;9;21;1197
"Cork City 17/112";924;22;5;0;10;7;6;974
"Cork City 17/113";822;21;5;1;16;21;118;1004
"Cork City 17/114";954;21;7;0;3;4;24;1013
"Cork City 17/115";1109;10;16;9;9;11;12;1176
"Cork City 17/116";1130;23;5;4;0;32;20;1214
"Cork City 17/117";993;6;9;0;0;5;11;1024
"Cork City 17/118";685;28;44;6;33;22;0;818
"Cork City 17/119";644;6;37;5;16;69;32;809
"Cork City 17/120";800;6;2;0;0;1;11;820
"Cork City 17/121";999;6;0;0;1;1;14;1021
"Cork City 17/122";1007;15;13;0;18;15;5;1073
"Cork City 17/123";531;6;54;5;20;77;3;696
"Cork City 17/125";928;7;6;1;14;16;4;976
"Cork City 17/126";702;8;1;0;12;14;5;742
"Cork City 17/127";1133;16;5;3;18;49;5;1229
"Cork City 17/128";461;13;72;2;91;66;9;714
"Cork City 17/129";651;23;18;1;15;22;34;764
"Cork City 17/130";959;8;26;6;3;24;5;1031
"Cork City 17/131";559;18;11;2;41;37;4;672
"Cork City 17/132";458;14;33;17;43;84;0;649
"Cork City 17/133";553;14;38;6;68;27;3;709
"Cork City 17/134";421;20;147;3;160;74;52;877
"Cork City 17/135";532;10;10;0;41;83;5;681
"Cork Suburbs 18 ";58028;1109;1461;383;959;2381;441;64762
"Cork Suburbs 18/184";947;15;1;0;4;8;5;980
"Cork Suburbs 18/185";844;28;9;10;23;41;5;960
"Cork Suburbs 18/186";971;21;50;19;10;42;9;1122
"Cork Suburbs 18/187";1010;14;13;5;7;26;7;1082
"Cork Suburbs 18/188";926;21;44;7;20;47;4;1069
"Cork Suburbs 18/189";992;30;22;7;24;21;8;1104
"Cork Suburbs 18/190";1144;30;6;2;11;32;23;1248
"Cork Suburbs 18/191";1078;29;34;10;50;85;5;1291
"Cork Suburbs 18/192";818;20;13;0;22;27;0;900
"Cork Suburbs 18/193";1044;16;20;10;8;15;13;1126
"Cork Suburbs 18/194";1067;24;23;8;15;23;8;1168
"Cork Suburbs 18/196";810;24;32;14;23;62;3;968
"Cork Suburbs 18/197";1104;17;9;3;6;16;4;1159
"Cork Suburbs 18/198";1011;11;37;0;12;19;0;1090
"Cork Suburbs 18/199";726;17;9;2;23;35;10;822
"Cork Suburbs 18/200";638;25;18;8;28;55;2;774
"Cork Suburbs 18/201";1125;14;6;5;9;10;7;1176
"Cork Suburbs 18/202";1018;16;8;0;14;9;6;1071
"Cork Suburbs 18/203";1271;23;13;3;7;33;7;1357
"Cork Suburbs 18/204";1010;21;14;5;23;39;11;1123
"Cork Suburbs 18/205";1059;26;7;2;21;20;11;1146
"Cork Suburbs 18/206";959;4;0;0;4;18;3;988
"Cork Suburbs 18/207";879;13;51;7;15;60;6;1031
"Cork Suburbs 18/208";605;11;55;18;24;116;9;838
"Cork Suburbs 18/210";934;15;13;0;9;20;4;995
"Cork Suburbs 18/211";925;12;34;20;27;38;2;1058
"Cork Suburbs 18/212";1036;24;16;6;20;32;4;1138
"Cork Suburbs 18/213";947;13;32;5;13;58;1;1069
"Cork Suburbs 18/214";962;24;44;6;22;47;7;1112
"Cork Suburbs 18/215";931;13;51;3;36;221;32;1287
"Cork Suburbs 18/220";934;20;108;5;16;87;30;1200
"Cork Suburbs 18/222";1104;14;24;1;6;13;6;1168
"Cork Suburbs 18/223";1225;27;20;12;8;48;2;1342
"Cork Suburbs 18/225";765;23;21;3;8;7;5;832
"Cork Suburbs 18/226";1157;5;4;5;3;13;9;1196
"Cork Suburbs 18/227";1189;18;13;0;7;17;12;1256
"Cork Suburbs 18/228";1123;10;7;7;8;5;5;1165
"Cork Suburbs 18/229";1061;17;8;0;1;13;13;1113
"Cork Suburbs 18/230";1187;15;7;0;14;15;10;1248
"Cork Suburbs 18/296";984;9;4;1;13;25;7;1043
"Cork Suburbs 18/297";929;31;28;17;21;56;11;1093
"Cork Suburbs 18/298";884;14;22;10;13;46;1;990
"Cork Suburbs 18/299";1195;21;7;0;11;31;3;1268
"Cork Suburbs 18/300";941;24;17;0;13;64;5;1064
"Cork Suburbs 18/301";794;11;29;14;20;70;7;945
"Cork Suburbs 18/303";1180;22;30;0;2;14;7;1255
"Cork Suburbs 18/304";1073;17;24;10;15;42;5;1186
"Cork Suburbs 18/306";1077;16;16;1;10;15;9;1144
"Cork Suburbs 18/308";1244;16;15;7;12;18;10;1322
"Cork Suburbs 18/316";895;20;10;5;2;13;4;949
"Cork Suburbs 18/317";626;9;79;5;21;63;6;809
"Cork Suburbs 18/322";1010;25;25;3;11;38;8;1120
"Cork Suburbs 18/339";778;12;41;4;25;47;2;909
"Cork Suburbs 18/340";418;11;64;9;37;105;8;652
"Cork Suburbs 18/341";648;18;48;36;26;52;1;829
"Cork Suburbs 18/343";612;14;28;11;18;23;0;706
"Cork Suburbs 18/344";627;17;28;21;30;49;2;774
"Cork Suburbs 18/345";1024;30;17;0;24;39;9;1143
"Cork Suburbs 18/346";459;22;14;4;23;48;3;573
"Cork Suburbs 18/347";900;15;18;3;7;22;14;979
"Cork Suburbs 18/348";1194;15;1;4;4;8;11;1237
"Limerick City and Suburbs  ";75365;1263;2552;441;1938;3428;744;85731
"Limerick City 20 ";46038;713;1538;241;1190;1746;420;51886
"Limerick City 20/001";981;31;6;4;26;36;8;1092
"Limerick City 20/002";793;14;0;0;16;11;8;842
"Limerick City 20/003";950;8;4;4;8;7;0;981
"Limerick City 20/004";704;18;56;11;77;29;9;904
"Limerick City 20/005";418;4;91;17;74;106;14;724
"Limerick City 20/006";985;17;23;1;30;23;9;1088
"Limerick City 20/007";721;9;4;0;5;12;2;753
"Limerick City 20/008";876;14;5;0;9;19;8;931
"Limerick City 20/009";943;10;10;1;4;4;3;975
"Limerick City 20/010";749;9;0;0;14;4;6;782
"Limerick City 20/011";777;12;0;2;8;5;4;808
"Limerick City 20/013, 20/012";1393;28;172;23;78;122;27;1843
"Limerick City 20/014";662;19;51;10;45;68;3;858
"Limerick City 20/015";691;11;0;0;1;4;11;718
"Limerick City 20/016";903;8;0;0;2;3;1;917
"Limerick City 20/017";535;22;0;0;0;2;7;566
"Limerick City 20/018";759;10;4;4;5;2;2;786
"Limerick City 20/019";564;18;0;0;0;6;4;592
"Limerick City 20/020";943;3;0;0;0;0;9;955
"Limerick City 20/021";721;5;0;0;1;4;5;736
"Limerick City 20/022";769;3;0;0;0;0;1;773
"Limerick City 20/023";823;3;6;0;1;3;26;862
"Limerick City 20/024";496;6;3;0;10;29;8;552
"Limerick City 20/025";548;7;113;13;57;87;10;835
"Limerick City 20/026";758;13;19;2;18;31;9;850
"Limerick City 20/027";863;11;0;0;4;6;19;903
"Limerick City 20/028";831;3;2;0;2;12;11;861
"Limerick City 20/029";743;9;31;5;24;9;4;825
"Limerick City 20/030";868;6;4;0;15;9;6;908
"Limerick City 20/031";972;10;14;1;20;112;5;1134
"Limerick City 20/032";222;9;86;19;49;90;13;488
"Limerick City 20/033";274;11;42;3;31;48;4;413
"Limerick City 20/034";842;8;29;13;32;34;2;960
"Limerick City 20/035";1045;16;18;1;6;23;4;1113
"Limerick City 20/036, 20/037";1730;21;17;5;19;30;9;1831
"Limerick City 20/038";943;9;6;1;5;15;2;981
"Limerick City 20/039";1050;9;9;0;14;19;3;1104
"Limerick City 20/040";771;15;28;3;19;49;9;894
"Limerick City 20/041, 20/042";1481;17;8;2;41;19;1;1569
"Limerick City 20/043";880;7;0;0;0;5;3;895
"Limerick City 20/044";826;11;0;0;1;5;1;844
"Limerick City 20/045";850;16;11;0;2;9;14;902
"Limerick City 20/046";861;19;0;0;1;3;8;892
"Limerick City 20/047";782;22;5;0;0;6;1;816
"Limerick City 20/048";950;9;0;0;1;2;4;966
"Limerick City 20/049";863;14;0;0;1;4;19;901
"Limerick City 20/050";632;14;82;11;38;29;14;820
"Limerick City 20/051";684;12;30;6;10;59;10;811
"Limerick City 20/052";936;23;20;3;47;40;6;1075
"Limerick City 20/053";1104;16;4;0;6;25;1;1156
"Limerick City 20/054";1222;16;5;2;9;23;5;1282
"Limerick City 20/055";847;8;36;1;26;19;3;940
"Limerick City 20/056";416;13;34;10;51;140;20;684
"Limerick City 20/057";780;6;37;4;8;14;7;856
"Limerick City 20/058";275;17;285;37;156;198;9;977
"Limerick City 20/059";816;23;6;0;14;9;4;872
"Limerick City 20/060";217;11;122;22;49;64;5;490
"Limerick Suburbs 21 ";29327;550;1014;200;748;1682;324;33845
"Limerick Suburbs 21/080";877;26;1;0;1;7;24;936
"Limerick Suburbs 21/081";979;15;6;1;5;10;23;1039
"Limerick Suburbs 21/082";993;16;0;2;6;18;10;1045
"Limerick Suburbs 21/083";816;11;14;8;8;28;9;894
"Limerick Suburbs 21/084";742;15;9;3;19;18;4;810
"Limerick Suburbs 21/086";727;6;43;4;16;53;5;854
"Limerick Suburbs 21/087";1044;19;22;6;11;61;84;1247
"Limerick Suburbs 21/088";919;23;28;14;28;59;3;1074
"Limerick Suburbs 21/089";1077;20;16;3;19;32;5;1172
"Limerick Suburbs 21/090";965;16;34;14;11;44;6;1090
"Limerick Suburbs 21/091";810;14;47;16;33;69;3;992
"Limerick Suburbs 21/092";685;24;48;2;17;105;9;890
"Limerick Suburbs 21/093";825;8;40;11;11;31;2;928
"Limerick Suburbs 21/097";1170;20;24;3;16;27;4;1264
"Limerick Suburbs 21/098";1169;28;6;0;13;26;10;1252
"Limerick Suburbs 21/099";875;10;23;1;20;33;1;963
"Limerick Suburbs 21/113";843;13;29;14;38;62;3;1002
"Limerick Suburbs 21/114";597;5;33;6;31;32;5;709
"Limerick Suburbs 21/115";1132;13;26;0;28;40;7;1246
"Limerick Suburbs 21/117";814;11;68;5;30;61;6;995
"Limerick Suburbs 21/119";777;18;59;17;33;159;8;1071
"Limerick Suburbs 21/120";754;16;14;1;22;70;12;889
"Limerick Suburbs 21/123";651;12;13;2;4;12;1;695
"Limerick Suburbs 21/124";677;11;27;2;11;10;4;742
"Limerick Suburbs 21/125";761;16;37;5;28;49;0;896
"Limerick Suburbs 21/126";596;16;141;12;57;216;17;1055
"Limerick Suburbs 21/127";728;13;17;12;28;54;11;863
"Limerick Suburbs 21/128";529;16;3;0;4;25;3;580
"Limerick Suburbs 21/129";752;19;64;19;31;56;2;943
"Limerick Suburbs 21/130";490;13;6;2;6;24;2;543
"Limerick Suburbs 21/131";759;9;75;5;49;69;5;971
"Limerick Suburbs 21/132";412;13;16;5;33;23;5;507
"Limerick Suburbs 21/133";288;7;14;2;14;33;9;367
"Limerick Suburbs in Clare 16/066";525;12;0;0;5;5;2;549
"Limerick Suburbs in Clare 16/068";936;18;1;2;22;16;3;998
"Limerick Suburbs in Clare 16/100";633;9;10;1;25;29;2;709
"Limerick Suburbs in Clare 16/113";1000;19;0;0;15;16;15;1065
"Waterford City and Suburbs  ";42454;1051;700;189;891;1919;804;48008
"Waterford City 24 ";39860;961;662;179;839;1831;777;45109
"Waterford City 24/001";866;18;8;0;11;15;17;935
"Waterford City 24/002";939;8;9;0;1;19;12;988
"Waterford City 24/003";918;10;0;2;0;9;15;954
"Waterford City 24/005";1022;25;4;1;0;27;19;1098
"Waterford City 24/006, 24/004";2045;48;40;5;14;72;130;2354
"Waterford City 24/007";626;12;20;14;14;18;11;715
"Waterford City 24/008";1214;27;4;2;9;32;6;1294
"Waterford City 24/009";1036;45;10;6;16;60;24;1197
"Waterford City 24/010";926;28;2;0;3;16;2;977
"Waterford City 24/011";893;17;5;2;17;102;15;1051
"Waterford City 24/012";1065;16;5;0;8;14;8;1116
"Waterford City 24/013";983;34;4;4;5;28;18;1076
"Waterford City 24/014";960;36;9;2;13;38;36;1094
"Waterford City 24/015";695;12;7;0;25;5;3;747
"Waterford City 24/016";589;15;55;14;28;54;11;766
"Waterford City 24/018, 24/017";1145;52;114;29;128;173;54;1695
"Waterford City 24/019";751;9;7;0;0;3;12;782
"Waterford City 24/020";990;13;12;0;3;4;13;1035
"Waterford City 24/021";990;16;7;0;6;5;3;1027
"Waterford City 24/022";1013;15;14;6;8;14;7;1077
"Waterford City 24/023";843;10;5;1;11;15;7;892
"Waterford City 24/024";724;7;5;0;14;17;16;783
"Waterford City 24/025";277;13;15;6;43;129;33;516
"Waterford City 24/026";539;8;20;7;26;50;59;709
"Waterford City 24/027";530;16;33;4;25;28;9;645
"Waterford City 24/029, 24/028";1811;33;44;5;35;55;38;2021
"Waterford City 24/030";969;18;0;0;7;6;11;1011
"Waterford City 24/031";963;24;1;3;21;26;2;1040
"Waterford City 24/032";723;21;2;4;32;36;11;829
"Waterford City 24/033";806;16;8;3;45;72;37;987
"Waterford City 24/034";690;25;5;1;4;17;4;746
"Waterford City 24/035";969;43;6;5;13;61;12;1109
"Waterford City 24/036";770;8;0;4;2;6;14;804
"Waterford City 24/037";933;27;9;3;31;56;9;1068
"Waterford City 24/038";598;36;28;9;37;116;8;832
"Waterford City 24/039";893;24;14;1;31;121;11;1095
"Waterford City 24/040";852;14;7;0;8;13;15;909
"Waterford City 24/041";796;5;0;0;6;19;3;829
"Waterford City 24/042";744;12;22;0;25;11;2;816
"Waterford City 24/043";520;17;7;2;4;20;6;576
"Waterford City 24/044";667;16;2;11;13;28;6;743
"Waterford City 24/045";844;20;5;0;4;14;3;890
"Waterford City 24/046";613;9;27;11;13;38;1;712
"Waterford City 24/047";365;24;58;7;64;86;22;626
"Waterford City 24/048";873;36;0;3;10;60;9;991
"Waterford City 24/049";882;23;3;2;6;23;13;952
"Waterford Suburbs 07 ";2594;90;38;10;52;88;27;2899
"Waterford Suburbs in Kilkenny 07/048";1093;43;5;7;11;32;13;1204
"Waterford Suburbs in Kilkenny 07/086";714;35;26;0;27;38;7;847
"Waterford Suburbs in Kilkenny 07/087";787;12;7;3;14;18;7;848
"Galway City and Suburbs  ";57628;1597;2489;532;2464;4267;830;69807
"Galway City 26 ";57628;1597;2489;532;2464;4267;830;69807
"Galway City 26/001";1169;28;28;4;15;31;14;1289
"Galway City 26/002";1140;46;49;3;12;57;16;1323
"Galway City 26/003";814;21;28;8;26;34;5;936
"Galway City 26/004";836;19;111;26;39;47;7;1085
"Galway City 26/005";1162;36;0;11;12;51;15;1287
"Galway City 26/006";719;10;108;58;91;107;2;1095
"Galway City 26/007";700;5;74;24;55;75;11;944
"Galway City 26/008";585;26;52;7;47;24;13;754
"Galway City 26/009";964;13;47;15;34;50;4;1127
"Galway City 26/010, 26/013";1547;37;111;23;65;59;12;1854
"Galway City 26/011";603;12;16;2;5;6;1;645
"Galway City 26/012";773;15;40;1;20;24;4;877
"Galway City 26/014";707;22;67;13;14;51;25;899
"Galway City 26/015";733;27;17;3;10;23;16;829
"Galway City 26/016";909;15;23;0;13;15;12;987
"Galway City 26/017";973;17;25;0;45;20;15;1095
"Galway City 26/018";732;34;65;3;118;103;33;1088
"Galway City 26/019";648;25;29;3;46;19;43;813
"Galway City 26/020";690;11;27;2;55;45;2;832
"Galway City 26/021";644;24;41;1;65;71;20;866
"Galway City 26/022";759;21;18;0;34;32;5;869
"Galway City 26/023";572;10;12;0;40;20;9;663
"Galway City 26/024";641;18;6;0;7;9;9;690
"Galway City 26/025";722;9;24;0;27;34;8;824
"Galway City 26/026";592;19;8;2;57;24;4;706
"Galway City 26/027";587;15;35;9;58;41;13;758
"Galway City 26/028";742;22;8;0;13;43;2;830
"Galway City 26/029";572;13;64;6;26;68;5;754
"Galway City 26/030";741;6;7;3;18;27;15;817
"Galway City 26/031";1123;27;30;2;18;53;18;1271
"Galway City 26/032";798;12;5;0;7;8;6;836
"Galway City 26/033";811;11;12;1;10;57;4;906
"Galway City 26/034";812;8;6;3;19;27;7;882
"Galway City 26/035";812;16;34;0;35;52;7;956
"Galway City 26/036";776;27;29;0;25;27;9;893
"Galway City 26/037";751;21;27;0;14;54;33;900
"Galway City 26/038";777;38;13;2;24;45;16;915
"Galway City 26/040";918;15;17;9;36;18;14;1027
"Galway City 26/041, 26/039";1363;33;54;4;51;60;6;1571
"Galway City 26/042";431;20;49;5;61;186;39;791
"Galway City 26/043";827;28;79;7;65;85;11;1102
"Galway City 26/044";977;20;14;3;22;73;15;1124
"Galway City 26/045";909;36;11;4;28;59;5;1052
"Galway City 26/046";807;24;10;6;24;50;3;924
"Galway City 26/047";815;51;2;12;27;39;4;950
"Galway City 26/048";902;18;1;6;6;38;7;978
"Galway City 26/049";784;25;53;5;16;87;15;985
"Galway City 26/050";915;37;77;14;56;76;2;1177
"Galway City 26/051";868;40;31;2;67;162;16;1186
"Galway City 26/052, 26/065";890;22;43;4;57;50;30;1096
"Galway City 26/053";701;20;57;0;59;101;54;992
"Galway City 26/054";773;13;25;1;12;51;4;879
"Galway City 26/055";761;31;13;20;53;122;6;1006
"Galway City 26/056";642;21;42;18;69;111;1;904
"Galway City 26/057";922;24;1;0;14;27;4;992
"Galway City 26/058";708;24;16;0;14;46;2;810
"Galway City 26/059";780;10;1;0;7;4;10;812
"Galway City 26/060";684;11;38;14;43;78;12;880
"Galway City 26/061";1142;15;23;0;6;32;19;1237
"Galway City 26/062";801;27;11;8;43;70;3;963
"Galway City 26/063";651;36;121;19;25;64;7;923
"Galway City 26/064";732;8;13;11;15;56;1;836
"Galway City 26/066";885;20;27;2;34;45;22;1035
"Galway City 26/067";519;20;26;4;43;60;4;676
"Galway City 26/068";549;25;57;25;73;63;12;804
"Galway City 26/069";490;19;6;2;14;38;6;575
"Galway City 26/070";908;35;17;2;23;72;10;1067
"Galway City 26/071";711;41;8;0;27;82;3;872
"Galway City 26/072";787;16;10;18;16;93;6;946
"Galway City 26/073";487;11;97;24;27;226;6;878
"Galway City 26/074";564;25;98;15;50;124;8;884
"Galway City 26/075";564;11;28;25;40;107;16;791
"Galway City 26/076";825;29;17;8;22;79;7;987
